timestamp,actual,prediction,lower,upper,seasonal_24h,seasonal_168h
2012-11-01 00:00:00,60.0,44.98407171215213,0.0,127.73469987037977,16.0,76.0
2012-11-01 01:00:00,30.0,22.229108092575185,0.0,104.97973625080283,8.0,28.0
2012-11-01 02:00:00,20.0,13.794252814520004,0.0,96.54488097274765,7.0,18.0
2012-11-01 03:00:00,15.0,8.575697981270213,0.0,91.32632613949785,3.0,8.0
2012-11-01 04:00:00,10.0,6.853218140172798,0.0,89.60384629840044,5.0,5.0
2012-11-01 05:00:00,40.0,35.89225984237298,0.0,118.64288800060062,24.0,55.0
2012-11-01 06:00:00,148.0,147.8743343632624,65.12370620503475,230.62496252149003,116.0,171.0
2012-11-01 07:00:00,420.0,455.8024826701873,373.0518545119597,538.5531108284149,337.0,495.0
2012-11-01 08:00:00,680.0,691.3684272146695,608.6177990564419,774.1190553728972,621.0,779.0
2012-11-01 09:00:00,331.0,328.84434898659646,246.09372082836882,411.5949771448241,297.0,343.0
2012-11-01 10:00:00,146.0,169.00348123918403,86.25285308095638,251.75410939741167,168.0,225.0
2012-11-01 11:00:00,170.0,150.33992236028104,67.5892942020534,233.09055051850868,189.0,238.0
2012-11-01 12:00:00,221.0,203.2024702665097,120.45184210828205,285.95309842473733,241.0,319.0
2012-11-01 13:00:00,248.0,200.6505367245514,117.89990856632375,283.401164882779,213.0,313.0
2012-11-01 14:00:00,185.0,229.35065585146523,146.6000276932376,312.1012840096929,224.0,285.0
2012-11-01 15:00:00,214.0,222.37614112428264,139.625512966055,305.1267692825103,230.0,305.0
2012-11-01 16:00:00,344.0,344.390819789014,261.6401916307864,427.14144794724166,424.0,499.0
2012-11-01 17:00:00,689.0,609.7750904916562,527.0244623334286,692.5257186498839,723.0,886.0
2012-11-01 18:00:00,678.0,620.8075190920069,538.0568909337793,703.5581472502346,584.0,809.0
2012-11-01 19:00:00,452.0,422.23473436499614,339.4841062067685,504.9853625232238,410.0,542.0
2012-11-01 20:00:00,296.0,296.0290668065997,213.27843864837206,378.77969496482734,268.0,347.0
2012-11-01 21:00:00,267.0,215.5688062446482,132.81817808642055,298.3194344028758,192.0,271.0
2012-11-01 22:00:00,202.0,185.97481426575558,103.22418610752794,268.7254424239832,165.0,207.0
2012-11-01 23:00:00,120.0,131.6851925846194,48.934564426391745,214.43582074284703,101.0,135.0
2012-11-02 00:00:00,50.0,67.07068468359338,0.0,149.82131284182103,60.0,71.0
2012-11-02 01:00:00,24.0,28.723311920422205,0.0,111.47394007864985,30.0,36.0
2012-11-02 02:00:00,10.0,15.18332682743477,0.0,97.93395498566241,20.0,19.0
2012-11-02 03:00:00,3.0,8.065876935643592,0.0,90.81650509387123,15.0,13.0
2012-11-02 04:00:00,7.0,5.375501875803431,0.0,88.12613003403108,10.0,5.0
2012-11-02 05:00:00,26.0,36.21778676359706,0.0,118.9684149218247,40.0,50.0
2012-11-02 06:00:00,122.0,113.02985652611852,30.27922836789088,195.78048468434616,148.0,144.0
2012-11-02 07:00:00,357.0,368.69442132126875,285.9437931630411,451.4450494794964,420.0,421.0
2012-11-02 08:00:00,687.0,651.469811650508,568.7191834922803,734.2204398087356,680.0,734.0
2012-11-02 09:00:00,382.0,371.19447242129814,288.4438442630705,453.9451005795258,331.0,403.0
2012-11-02 10:00:00,204.0,225.0647522290746,142.31412407084696,307.81538038730224,146.0,197.0
2012-11-02 11:00:00,221.0,254.19428673724792,171.44365857902028,336.94491489547556,170.0,290.0
2012-11-02 12:00:00,292.0,285.71607611263653,202.9654479544089,368.46670427086417,221.0,392.0
2012-11-02 13:00:00,294.0,283.51046006122516,200.75983190299752,366.2610882194528,248.0,337.0
2012-11-02 14:00:00,262.0,302.5336332954563,219.78300513722866,385.28426145368394,185.0,351.0
2012-11-02 15:00:00,306.0,288.67020447532923,205.9195763171016,371.42083263355687,214.0,448.0
2012-11-02 16:00:00,421.0,406.2612309670727,323.5106028088451,489.01185912530036,344.0,582.0
2012-11-02 17:00:00,638.0,650.4190015718253,567.6683734135977,733.169629730053,689.0,817.0
2012-11-02 18:00:00,522.0,565.3695199612783,482.6188918030507,648.120148119506,678.0,665.0
2012-11-02 19:00:00,374.0,359.8265626794696,277.07593452124195,442.57719083769723,452.0,471.0
2012-11-02 20:00:00,221.0,241.70480063117049,158.95417247294284,324.4554287893981,296.0,311.0
2012-11-02 21:00:00,156.0,177.11670318010545,94.3660750218778,259.8673313383331,267.0,292.0
2012-11-02 22:00:00,149.0,138.1051651053346,55.354536947106965,220.85579326356225,202.0,217.0
2012-11-02 23:00:00,119.0,128.24378682996738,45.493158671739735,210.99441498819502,120.0,178.0
2012-11-03 00:00:00,108.0,103.40553912820134,20.6549109699737,186.15616728642897,50.0,142.0
2012-11-03 01:00:00,89.0,97.47619263825347,14.725564480025824,180.2268207964811,24.0,146.0
2012-11-03 02:00:00,46.0,61.781679036983526,0.0,144.53230719521116,10.0,90.0
2012-11-03 03:00:00,28.0,21.571207146694825,0.0,104.32183530492247,3.0,26.0
2012-11-03 04:00:00,16.0,11.214594121159834,0.0,93.96522227938748,7.0,13.0
2012-11-03 05:00:00,9.0,12.408857007542268,0.0,95.15948516576991,26.0,9.0
2012-11-03 06:00:00,21.0,25.724319689908704,0.0,108.47494784813634,122.0,31.0
2012-11-03 07:00:00,59.0,62.98635765710166,0.0,145.7369858153293,357.0,86.0
2012-11-03 08:00:00,142.0,152.7726571548166,70.02202899658897,235.52328531304425,687.0,213.0
2012-11-03 09:00:00,219.0,249.8085080057296,167.05787984750197,332.55913616395725,382.0,328.0
2012-11-03 10:00:00,328.0,341.98095507414763,259.23032691592,424.73158323237527,204.0,479.0
2012-11-03 11:00:00,340.0,447.80204934614335,365.0514211879157,530.552677504371,221.0,585.0
2012-11-03 12:00:00,394.0,443.3401494029656,360.58952124473797,526.0907775611932,292.0,668.0
2012-11-03 13:00:00,449.0,492.2803913495665,409.5297631913389,575.0310195077941,294.0,760.0
2012-11-03 14:00:00,455.0,510.15258088595573,427.4019527277281,592.9032090441833,262.0,750.0
2012-11-03 15:00:00,448.0,507.97084446594494,425.2202163077173,590.7214726241725,306.0,711.0
2012-11-03 16:00:00,400.0,410.96203915253557,328.2114109943079,493.7126673107632,421.0,612.0
2012-11-03 17:00:00,410.0,412.1746158543841,329.4239876961565,494.92524401261176,638.0,618.0
2012-11-03 18:00:00,297.0,343.85092824820003,261.1003000899724,426.6015564064277,522.0,456.0
2012-11-03 19:00:00,239.0,240.43025917560047,157.67963101737283,323.1808873338281,374.0,300.0
2012-11-03 20:00:00,181.0,182.7449311833577,99.99430302513005,265.49555934158536,221.0,296.0
2012-11-03 21:00:00,166.0,155.11681642009302,72.36618826186537,237.86744457832066,156.0,209.0
2012-11-03 22:00:00,146.0,141.7574854036488,59.006857245421145,224.50811356187643,149.0,157.0
2012-11-03 23:00:00,148.0,128.9400561920006,46.18942803377297,211.69068435022825,119.0,167.0
2012-11-04 00:00:00,102.0,115.48104294575725,32.73041478752961,198.2316711039849,108.0,117.0
2012-11-04 01:00:00,165.0,98.05067766619808,15.300049507970442,180.80130582442573,89.0,133.0
2012-11-04 02:00:00,37.0,115.00129283368383,32.25066467545619,197.75192099191148,46.0,116.0
2012-11-04 03:00:00,11.0,27.451686528694655,0.0,110.20231468692229,28.0,79.0
2012-11-04 04:00:00,9.0,9.01278343790409,0.0,91.76341159613173,16.0,20.0
2012-11-04 05:00:00,5.0,14.812538601311223,0.0,97.56316675953886,9.0,28.0
2012-11-04 06:00:00,16.0,17.112556800085542,0.0,99.86318495831318,21.0,39.0
2012-11-04 07:00:00,50.0,43.4245669242967,0.0,126.17519508252434,59.0,65.0
2012-11-04 08:00:00,149.0,132.23236946744578,49.48174130921814,214.98299762567342,142.0,173.0
2012-11-04 09:00:00,217.0,239.55530752190464,156.804679363677,322.3059356801323,219.0,330.0
2012-11-04 10:00:00,360.0,342.2104887902946,259.459860632067,424.96111694852226,328.0,434.0
2012-11-04 11:00:00,445.0,433.0675240460471,350.31689588781944,515.8181522042747,340.0,462.0
2012-11-04 12:00:00,504.0,498.13037500422143,415.3797468459938,580.8810031624491,394.0,491.0
2012-11-04 13:00:00,493.0,442.8648662716559,360.11423811342826,525.6154944298835,449.0,391.0
2012-11-04 14:00:00,509.0,426.28422770633597,343.5335995481083,509.0348558645636,455.0,402.0
2012-11-04 15:00:00,449.0,451.4701216279472,368.71949346971957,534.2207497861748,448.0,301.0
2012-11-04 16:00:00,435.0,406.07108514186183,323.3204569836342,488.82171330008947,400.0,293.0
2012-11-04 17:00:00,327.0,365.36968257358444,282.6190544153568,448.1203107318121,410.0,225.0
2012-11-04 18:00:00,237.0,241.8459249399925,159.09529678176486,324.59655309822017,297.0,154.0
2012-11-04 19:00:00,227.0,181.01173729041628,98.26110913218864,263.7623654486439,239.0,54.0
2012-11-04 20:00:00,141.0,151.6569441455997,68.90631598737207,234.40757230382735,181.0,55.0
2012-11-04 21:00:00,87.0,109.21706497101252,26.466436812784877,191.96769312924016,166.0,46.0
2012-11-04 22:00:00,79.0,68.88727270645327,0.0,151.63790086468092,146.0,37.0
2012-11-04 23:00:00,53.0,51.40345002239496,0.0,134.1540781806226,148.0,14.0
2012-11-05 00:00:00,23.0,23.605524453589577,0.0,106.35615261181722,102.0,22.0
2012-11-06 13:00:00,278.0,211.69903200541788,128.94840384719024,294.4496601636455,222.0,116.0
2012-11-06 14:00:00,240.0,228.07975841064265,145.329130252415,310.83038656887027,196.0,126.0
2012-11-06 15:00:00,272.0,235.95338250148671,153.20275434325907,318.70401065971436,231.0,124.0
2012-11-06 16:00:00,402.0,334.75773352165464,252.007105363427,417.5083616798823,360.0,98.0
2012-11-06 17:00:00,627.0,623.401846854753,540.6512186965253,706.1524750129806,638.0,124.0
2012-11-06 18:00:00,497.0,555.6192738282805,472.86864567005284,638.3699019865081,542.0,143.0
2012-11-06 19:00:00,371.0,351.1733915515234,268.4227633932958,433.92401970975106,372.0,115.0
2012-11-06 20:00:00,228.0,245.24488388549062,162.49425572726298,327.99551204371824,241.0,81.0
2012-11-06 21:00:00,151.0,157.8657510271949,75.11512286896726,240.61637918542255,152.0,64.0
2012-11-06 22:00:00,153.0,100.85010401786262,18.09947585963498,183.60073217609028,115.0,66.0
2012-11-06 23:00:00,205.0,79.91020269162185,0.0,162.6608308498495,53.0,39.0
2012-11-07 00:00:00,283.0,74.47883040400055,0.0,157.2294585622282,19.0,16.0
2012-11-07 01:00:00,92.0,130.78890944648134,48.0382812882537,213.53953760470898,8.0,8.0
2012-11-07 02:00:00,74.0,29.635476914413882,0.0,112.38610507264153,2.0,7.0
2012-11-07 03:00:00,11.0,20.459611411459196,0.0,103.21023956968683,4.0,3.0
2012-11-07 04:00:00,9.0,5.676102078455592,0.0,88.42673023668323,7.0,5.0
2012-11-07 05:00:00,27.0,31.30047699338405,0.0,114.0511051516117,41.0,24.0
2012-11-07 06:00:00,118.0,109.25132901429761,26.50070085606997,192.00195717252524,149.0,116.0
2012-11-07 07:00:00,319.0,356.6790724555052,273.92844429727757,439.42970061373285,387.0,337.0
2012-11-07 08:00:00,601.0,595.1414457240115,512.3908175657839,677.8920738822392,588.0,621.0
2012-11-07 09:00:00,368.0,321.15175098043915,238.4011228222115,403.9023791386668,363.0,297.0
2012-11-07 10:00:00,178.0,186.5764488357636,103.82582067753597,269.3270769939912,230.0,168.0
2012-11-07 11:00:00,147.0,186.77937545250137,104.02874729427373,269.530003610729,216.0,189.0
2012-11-07 12:00:00,212.0,185.2517885598207,102.50116040159307,268.0024167180484,248.0,241.0
2012-11-07 13:00:00,181.0,198.47943038767727,115.72880222944963,281.2300585459049,278.0,213.0
2012-11-07 14:00:00,161.0,177.05910419064062,94.30847603241298,259.80973234886824,240.0,224.0
2012-11-07 15:00:00,198.0,186.23911327367605,103.48848511544841,268.98974143190367,272.0,230.0
2012-11-07 16:00:00,273.0,281.19816659849664,198.447538440269,363.9487947567243,402.0,424.0
2012-11-07 17:00:00,517.0,461.6515218106734,378.90089365244575,544.4021499689011,627.0,723.0
2012-11-07 18:00:00,465.0,444.1678516683317,361.41722351010407,526.9184798265594,497.0,584.0
2012-11-07 19:00:00,319.0,331.0948601404839,248.34423198225625,413.84548829871153,371.0,410.0
2012-11-07 20:00:00,256.0,216.1288674661842,133.37823930795656,298.87949562441185,228.0,268.0
2012-11-07 21:00:00,126.0,166.2590385798263,83.50841042159865,249.00966673805394,151.0,192.0
2012-11-07 22:00:00,60.0,101.37706377166744,18.626435613439796,184.1276919298951,153.0,165.0
2012-11-07 23:00:00,40.0,49.62675353795401,0.0,132.37738169618166,205.0,101.0
2012-11-08 00:00:00,15.0,26.54246192607101,0.0,109.29309008429865,283.0,60.0
2012-11-08 01:00:00,12.0,11.929194716469361,0.0,94.67982287469701,92.0,30.0
2012-11-08 02:00:00,6.0,9.514853793522516,0.0,92.26548195175016,74.0,20.0
2012-11-08 05:00:00,35.0,31.50593296285326,0.0,114.2565611210809,27.0,40.0
2012-11-08 06:00:00,124.0,130.98121056590242,48.230582407674774,213.73183872413006,118.0,148.0
2012-11-08 07:00:00,423.0,368.20859086049256,285.4579627022649,450.9592190187202,319.0,420.0
2012-11-08 08:00:00,668.0,694.8067645651707,612.0561364069431,777.5573927233984,601.0,680.0
2012-11-08 09:00:00,275.0,341.17215275680894,258.4215245985813,423.9227809150366,368.0,331.0
2012-11-08 10:00:00,161.0,152.25242224553716,69.50179408730952,235.0030504037648,178.0,146.0
2012-11-08 11:00:00,171.0,168.48888256815607,85.73825440992843,251.2395107263837,147.0,170.0
2012-11-08 12:00:00,235.0,229.94332753337096,147.19269937514332,312.6939556915986,212.0,221.0
2012-11-08 13:00:00,228.0,241.04050065606552,158.28987249783788,323.7911288142932,181.0,248.0
2012-11-08 14:00:00,182.0,192.61995806034017,109.86932990211253,275.37058621856784,161.0,185.0
2012-11-08 15:00:00,233.0,202.11003136309657,119.35940320486893,284.86065952132424,198.0,214.0
2012-11-08 16:00:00,339.0,321.5182580445637,238.76762988633607,404.26888620279135,273.0,344.0
2012-11-08 17:00:00,592.0,602.0333911078268,519.2827629495991,684.7840192660544,517.0,689.0
2012-11-08 18:00:00,507.0,584.8741831740659,502.1235550158383,667.6248113322936,465.0,678.0
2012-11-08 19:00:00,373.0,365.0665414080716,282.31591324984396,447.81716956629924,319.0,452.0
2012-11-08 20:00:00,245.0,255.33227911272385,172.5816509544962,338.0829072709515,256.0,296.0
2012-11-08 21:00:00,233.0,176.984766345326,94.23413818709835,259.7353945035536,126.0,267.0
2012-11-08 22:00:00,161.0,163.4362617157748,80.68563355754716,246.18688987400245,60.0,202.0
2012-11-08 23:00:00,87.0,116.9365364995069,34.18590834127926,199.68716465773454,40.0,120.0
2012-11-09 00:00:00,55.0,44.238750435678995,0.0,126.98937859390664,15.0,50.0
2012-11-09 01:00:00,20.0,25.7390755998693,0.0,108.48970375809694,12.0,24.0
2012-11-09 02:00:00,12.0,10.786703978123297,0.0,93.53733213635094,6.0,10.0
2012-11-09 04:00:00,14.0,6.115533286755256,0.0,88.8661614449829,10.0,7.0
2012-11-09 05:00:00,27.0,29.980324861276028,0.0,112.73095301950367,35.0,26.0
2012-11-09 06:00:00,131.0,113.02177387599953,30.271145717771887,195.77240203422718,124.0,122.0
2012-11-09 07:00:00,341.0,348.6971607410257,265.94653258279806,431.44778889925334,423.0,357.0
2012-11-09 08:00:00,693.0,615.093247329071,532.3426191708434,697.8438754872986,668.0,687.0
2012-11-09 09:00:00,327.0,343.7989922669811,261.04836410875345,426.54962042520873,275.0,382.0
2012-11-09 10:00:00,197.0,186.7595336889642,104.00890553073657,269.51016184719185,161.0,204.0
2012-11-09 11:00:00,251.0,227.79657384059183,145.0459456823642,310.54720199881945,171.0,221.0
2012-11-09 12:00:00,262.0,292.4211635815514,209.67053542332377,375.17179173977905,235.0,292.0
2012-11-09 13:00:00,299.0,280.505830113692,197.75520195546437,363.25645827191966,228.0,294.0
2012-11-09 14:00:00,274.0,277.19213042225397,194.44150226402633,359.9427585804816,182.0,262.0
2012-11-09 15:00:00,356.0,300.97261742600335,218.2219892677757,383.723245584231,233.0,306.0
2012-11-09 16:00:00,434.0,426.78137681211837,344.0307486538907,509.532004970346,339.0,421.0
2012-11-09 17:00:00,654.0,602.6559722891244,519.9053441308968,685.406600447352,592.0,638.0
2012-11-09 18:00:00,496.0,464.77682350348226,382.0261953452546,547.5274516617098,507.0,522.0
2012-11-09 19:00:00,361.0,342.5612524586357,259.81062430040805,425.31188061686333,373.0,374.0
2012-11-09 20:00:00,255.0,228.58183917837064,145.831211020143,311.33246733659826,245.0,221.0
2012-11-09 21:00:00,199.0,183.81547010616728,101.06484194793964,266.5660982643949,233.0,156.0
2012-11-09 22:00:00,163.0,148.95066828848795,66.2000401302603,231.7012964467156,161.0,149.0
2012-11-09 23:00:00,162.0,129.076727582367,46.32609942413936,211.82735574059464,87.0,119.0
2012-11-10 00:00:00,122.0,118.32883900917567,35.578210850948025,201.07946716740332,55.0,108.0
2012-11-10 01:00:00,76.0,85.24639508100091,2.495766922773271,167.99702323922855,20.0,89.0
2012-11-10 02:00:00,44.0,59.07832801112231,0.0,141.82895616934996,12.0,46.0
2012-11-10 03:00:00,20.0,23.06005186932708,0.0,105.81068002755472,9.0,28.0
2012-11-10 04:00:00,6.0,13.074196472781827,0.0,95.82482463100946,14.0,16.0
2012-11-10 05:00:00,10.0,10.026994071820999,0.0,92.77762223004864,27.0,9.0
2012-11-10 06:00:00,16.0,25.760890354209003,0.0,108.51151851243665,131.0,21.0
2012-11-10 07:00:00,71.0,42.18367712225656,0.0,124.93430528048421,341.0,59.0
2012-11-10 08:00:00,146.0,169.76750032309792,87.01687216487028,252.51812848132556,693.0,142.0
2012-11-10 09:00:00,259.0,258.25747311856895,175.5068449603413,341.0081012767966,327.0,219.0
2012-11-10 10:00:00,350.0,340.33768554275326,257.5870573845256,423.0883137009809,197.0,328.0
2012-11-10 11:00:00,466.0,385.8565722846613,303.10594412643366,468.60720044288894,251.0,340.0
2012-11-10 12:00:00,606.0,481.78112128443337,399.0304931262057,564.5317494426611,262.0,394.0
2012-11-10 13:00:00,651.0,548.9411188455927,466.190490687365,631.6917470038203,299.0,449.0
2012-11-10 14:00:00,627.0,579.8057395998461,497.05511144161846,662.5563677580737,274.0,455.0
2012-11-10 15:00:00,567.0,553.7955361059456,471.044907947718,636.5461642641733,356.0,448.0
2012-11-10 16:00:00,605.0,507.5931642244774,424.84253606624975,590.343792382705,434.0,400.0
2012-11-10 17:00:00,501.0,563.1650307279253,480.4144025696977,645.915658886153,654.0,410.0
2012-11-10 18:00:00,359.0,482.282006268386,399.53137811015836,565.0326344266136,496.0,297.0
2012-11-10 19:00:00,283.0,312.0039563412846,229.25332818305696,394.75458449951225,361.0,239.0
2012-11-10 20:00:00,192.0,213.84222664717146,131.09159848894382,296.5928548053991,255.0,181.0
2012-11-10 21:00:00,220.0,166.92886840600923,84.17824024778159,249.67949656423687,199.0,166.0
2012-11-10 22:00:00,193.0,174.77130608960366,92.02067793137601,257.52193424783127,163.0,146.0
2012-11-10 23:00:00,146.0,152.01903007652874,69.2684019183011,234.76965823475638,162.0,148.0
2012-11-11 00:00:00,124.0,108.40499679980056,25.654368641572916,191.1556249580282,122.0,102.0
2012-11-11 01:00:00,108.0,128.90613558333976,46.15550742511212,211.6567637415674,76.0,165.0
2012-11-11 02:00:00,70.0,77.65086077673863,0.0,160.40148893496627,44.0,37.0
2012-11-11 03:00:00,48.0,34.438200728401036,0.0,117.18882888662867,20.0,11.0
2012-11-11 04:00:00,11.0,14.051696405889418,0.0,96.80232456411706,6.0,9.0
2012-11-11 05:00:00,12.0,8.95444311349331,0.0,91.70507127172095,10.0,5.0
2012-11-11 06:00:00,19.0,21.679568173937938,0.0,104.43019633216558,16.0,16.0
2012-11-11 07:00:00,68.0,45.12170455750421,0.0,127.87233271573186,71.0,50.0
2012-11-11 08:00:00,119.0,161.29361719571088,78.54298903748324,244.04424535393852,146.0,149.0
2012-11-11 09:00:00,273.0,219.20973759698308,136.45910943875543,301.9603657552107,259.0,217.0
2012-11-11 10:00:00,405.0,400.42463231754147,317.6740041593138,483.1752604757691,350.0,360.0
2012-11-11 11:00:00,504.0,454.45081408428024,371.7001859260526,537.2014422425079,466.0,445.0
2012-11-11 12:00:00,585.0,584.6035332016343,501.8529050434066,667.3541613598619,606.0,504.0
2012-11-11 13:00:00,686.0,609.6900218845299,526.9393937263022,692.4406500427575,651.0,493.0
2012-11-11 14:00:00,654.0,635.8994003010876,553.1487721428599,718.6500284593152,627.0,509.0
2012-11-11 15:00:00,724.0,615.4734810767217,532.722852918494,698.2241092349493,567.0,449.0
2012-11-11 16:00:00,653.0,587.5371487819139,504.7865206236862,670.2877769401415,605.0,435.0
2012-11-11 17:00:00,493.0,574.1718413178303,491.42121315960264,656.9224694760579,501.0,327.0
2012-11-11 18:00:00,405.0,459.2338535354695,376.48322537724187,541.9844816936971,359.0,237.0
2012-11-11 19:00:00,277.0,307.6921274072708,224.94149924904315,390.44275556549843,283.0,227.0
2012-11-11 20:00:00,200.0,190.62702234134701,107.87639418311937,273.37765049957466,192.0,141.0
2012-11-11 21:00:00,171.0,138.79514220895152,56.044514050723876,221.54577036717916,220.0,87.0
2012-11-11 22:00:00,134.0,132.14019123905763,49.38956308082999,214.89081939728527,193.0,79.0
2012-11-11 23:00:00,109.0,82.69448962729595,0.0,165.4451177855236,146.0,53.0
2012-11-12 00:00:00,49.0,72.64656499809487,0.0,155.39719315632252,124.0,23.0
2012-11-12 01:00:00,30.0,34.0545281280471,0.0,116.80515628627475,108.0,8.0
2012-11-12 02:00:00,20.0,14.982424934435944,0.0,97.73305309266358,70.0,6.0
2012-11-12 03:00:00,4.0,11.139849008846989,0.0,93.89047716707464,48.0,4.0
2012-11-12 04:00:00,4.0,8.729292928208647,0.0,91.47992108643629,11.0,16.0
2012-11-12 05:00:00,24.0,17.431670303281447,0.0,100.18229846150909,12.0,39.0
2012-11-12 06:00:00,71.0,78.76977205376258,0.0,161.52040021199022,19.0,139.0
2012-11-12 07:00:00,264.0,161.22290838702438,78.47228022879673,243.97353654525202,68.0,461.0
2012-11-12 08:00:00,540.0,455.42935874380123,372.6787305855736,538.1799869020289,119.0,648.0
2012-11-12 09:00:00,397.0,373.86949494579613,291.1188667875685,456.6201231040238,273.0,257.0
2012-11-12 10:00:00,266.0,373.8166884553954,291.0660602971678,456.56731661362306,405.0,142.0
2012-11-12 11:00:00,367.0,332.47543138885567,249.72480323062803,415.2260595470833,504.0,150.0
2012-11-12 12:00:00,419.0,468.940498129015,386.18986997078736,551.6911262872427,585.0,244.0
2012-11-12 13:00:00,420.0,531.9067125230215,449.15608436479386,614.6573406812491,686.0,222.0
2012-11-12 14:00:00,444.0,487.713690372369,404.96306221414136,570.4643185305966,654.0,196.0
2012-11-12 15:00:00,382.0,538.1972866407996,455.44665848257193,620.9479147990272,724.0,231.0
2012-11-12 16:00:00,434.0,464.4162543510299,381.6656261928023,547.1668825092576,653.0,360.0
2012-11-12 17:00:00,596.0,500.80355665423644,418.0529284960088,583.5541848124641,493.0,638.0
2012-11-12 18:00:00,551.0,526.7086934516255,443.9580652933979,609.4593216098532,405.0,542.0
2012-11-12 19:00:00,353.0,441.6880196211907,358.93739146296303,524.4386477794183,277.0,372.0
2012-11-12 20:00:00,304.0,255.1654818431365,172.41485368490885,337.91611000136413,200.0,241.0
2012-11-12 21:00:00,155.0,220.36463373162496,137.61400557339732,303.1152618898526,171.0,152.0
2012-11-12 22:00:00,112.0,93.11337411630622,10.362745958078577,175.86400227453385,134.0,115.0
2012-11-12 23:00:00,63.0,72.11816952834484,0.0,154.86879768657246,109.0,53.0
2012-11-13 00:00:00,23.0,28.705104170732923,0.0,111.45573232896056,49.0,19.0
2012-11-13 01:00:00,5.0,11.196949284292389,0.0,93.94757744252003,30.0,8.0
2012-11-13 02:00:00,11.0,4.7409438213167485,0.0,87.49157197954439,20.0,2.0
2012-11-13 03:00:00,5.0,4.22606980596082,0.0,86.97669796418846,4.0,4.0
2012-11-13 04:00:00,9.0,4.219582478446542,0.0,86.97021063667418,4.0,7.0
2012-11-13 05:00:00,18.0,31.522463664690356,0.0,114.27309182291799,24.0,41.0
2012-11-13 06:00:00,50.0,100.5853901888415,17.83476203061386,183.33601834706914,71.0,149.0
2012-11-13 07:00:00,107.0,112.68856259608299,29.937934437855347,195.43919075431063,264.0,387.0
2012-11-13 08:00:00,211.0,310.11317940911835,227.3625512508907,392.863807567346,540.0,588.0
2012-11-13 09:00:00,110.0,194.84361267131834,112.0929845130907,277.594240829546,397.0,363.0
2012-11-13 10:00:00,94.0,98.43377182633165,15.683143668104009,181.1843999845593,266.0,230.0
2012-11-13 11:00:00,155.0,93.20366075993,10.453032601702361,175.95428891815766,367.0,216.0
2012-11-13 12:00:00,196.0,211.76018019428668,129.00955203605903,294.51080835251435,419.0,248.0
2012-11-13 13:00:00,218.0,229.37645946841351,146.62583131018587,312.1270876266411,420.0,278.0
2012-11-13 14:00:00,203.0,217.31047191448718,134.55984375625954,300.0611000727148,444.0,240.0
2012-11-13 15:00:00,217.0,238.10012460416084,155.3494964459332,320.8507527623885,382.0,272.0
2012-11-13 16:00:00,310.0,358.55209997113326,275.8014718129056,441.3027281293609,434.0,402.0
2012-11-13 17:00:00,608.0,637.754999683407,555.0043715251794,720.5056278416347,596.0,627.0
2012-11-13 18:00:00,559.0,507.813020863995,425.06239270576737,590.5636490222226,551.0,497.0
2012-11-13 19:00:00,356.0,352.1780313679894,269.42740320976174,434.928659526217,353.0,371.0
2012-11-13 20:00:00,223.0,245.2818782060667,162.53125004783905,328.03250636429436,304.0,228.0
2012-11-13 21:00:00,187.0,157.12678692461697,74.37615876638932,239.8774150828446,155.0,151.0
2012-11-13 22:00:00,135.0,133.71140502075934,50.9607768625317,216.46203317898699,112.0,153.0
2012-11-13 23:00:00,84.0,93.12183724105473,10.371209082827093,175.87246539928236,63.0,205.0
2012-11-14 00:00:00,24.0,116.93914912666006,34.188520968432414,199.6897772848877,23.0,283.0
2012-11-14 01:00:00,12.0,20.268655873461718,0.0,103.01928403168935,5.0,92.0
2012-11-14 02:00:00,1.0,13.976272437334556,0.0,96.7269005955622,11.0,74.0
2012-11-14 03:00:00,5.0,5.474601559874588,0.0,88.22522971810223,5.0,11.0
2012-11-14 04:00:00,6.0,5.266950799215479,0.0,88.01757895744312,9.0,9.0
2012-11-14 05:00:00,39.0,27.171855758136456,0.0,109.9224839163641,18.0,27.0
2012-11-14 06:00:00,146.0,127.86291963224541,45.112291474017766,210.61354779047304,50.0,118.0
2012-11-14 07:00:00,415.0,381.82948455652695,299.0788563982993,464.5801127147546,107.0,319.0
2012-11-14 08:00:00,691.0,544.9086244099526,462.15799625172497,627.6592525681802,211.0,601.0
2012-11-14 09:00:00,332.0,315.5296492910647,232.77902113283704,398.2802774492923,110.0,368.0
2012-11-14 10:00:00,171.0,170.568733737443,87.81810557921537,253.31936189567065,94.0,178.0
2012-11-14 11:00:00,151.0,170.4691036896098,87.71847553138215,253.21973184783744,155.0,147.0
2012-11-14 12:00:00,240.0,195.50156154985885,112.75093339163121,278.25218970808646,196.0,212.0
2012-11-14 13:00:00,214.0,222.24875243701828,139.49812427879064,304.99938059524595,218.0,181.0
2012-11-14 14:00:00,181.0,189.68782133123085,106.93719317300321,272.4384494894585,203.0,161.0
2012-11-14 15:00:00,260.0,192.9850633309119,110.23443517268427,275.7356914891395,217.0,198.0
2012-11-14 16:00:00,321.0,306.9055783780987,224.15495021987107,389.65620653632635,310.0,273.0
2012-11-14 17:00:00,583.0,536.2384035289482,453.48777537072056,618.9890316871758,608.0,517.0
2012-11-14 18:00:00,567.0,506.2113025130236,423.46067435479597,588.9619306712513,559.0,465.0
2012-11-14 19:00:00,396.0,343.54172432449184,260.7910961662642,426.2923524827195,356.0,319.0
2012-11-14 20:00:00,267.0,249.70825345433812,166.95762529611048,332.45888161256573,223.0,256.0
2012-11-14 21:00:00,213.0,185.22080970811703,102.47018154988939,267.9714378663447,187.0,126.0
2012-11-14 22:00:00,173.0,139.36004935450413,56.609421196276486,222.11067751273177,135.0,60.0
2012-11-14 23:00:00,87.0,93.04751378148444,10.296885623256799,175.79814193971208,84.0,40.0
2012-11-15 00:00:00,34.0,35.08333608765041,0.0,117.83396424587805,24.0,15.0
2012-11-15 01:00:00,16.0,13.042301968788596,0.0,95.79293012701623,12.0,12.0
2012-11-15 02:00:00,7.0,6.47794257672613,0.0,89.22857073495378,1.0,6.0
2012-11-15 04:00:00,5.0,5.517482031426344,0.0,88.26811018965398,6.0,10.0
2012-11-15 05:00:00,37.0,33.67558057048083,0.0,116.42620872870847,39.0,35.0
2012-11-15 06:00:00,147.0,136.49687595118445,53.74624779295681,219.2475041094121,146.0,124.0
2012-11-15 07:00:00,410.0,424.99934185708304,342.2487136988554,507.7499700153107,415.0,423.0
2012-11-15 08:00:00,646.0,682.4295129472158,599.6788847889882,765.1801411054435,691.0,668.0
2012-11-15 09:00:00,323.0,305.75178303680985,223.0011548785822,388.5024111950375,332.0,275.0
2012-11-15 10:00:00,153.0,161.56158474515868,78.81095658693104,244.31221290338632,171.0,161.0
2012-11-15 11:00:00,166.0,157.8799440791508,75.12931592092315,240.63057223737843,151.0,171.0
2012-11-15 12:00:00,213.0,218.04878242289212,135.29815426466448,300.7994105811198,240.0,235.0
2012-11-15 13:00:00,217.0,205.23991058281138,122.48928242458373,287.990538741039,214.0,228.0
2012-11-15 14:00:00,201.0,178.41176007537896,95.66113191715132,261.16238823360663,181.0,182.0
2012-11-15 15:00:00,217.0,210.24248070792058,127.49185254969294,292.9931088661482,260.0,233.0
2012-11-15 16:00:00,342.0,308.04856615983675,225.2979380016091,390.7991943180644,321.0,339.0
2012-11-15 17:00:00,563.0,512.5248028531739,429.7741746949463,595.2754310114016,583.0,592.0
2012-11-15 18:00:00,573.0,442.29532681050125,359.5446986522736,525.0459549687289,567.0,507.0
2012-11-15 19:00:00,386.0,394.040986665921,311.2903585076934,476.79161482414867,396.0,373.0
2012-11-15 20:00:00,285.0,263.070330627551,180.31970246932337,345.82095878577866,267.0,245.0
2012-11-15 21:00:00,224.0,196.0746631287021,113.32403497047446,278.82529128692977,213.0,233.0
2012-11-15 22:00:00,153.0,153.6713582019461,70.92073004371846,236.42198636017375,173.0,161.0
2012-11-15 23:00:00,125.0,93.25489327731356,10.504265119085915,176.0055214355412,87.0,87.0
2012-11-16 00:00:00,65.0,56.203700537621266,0.0,138.95432869584891,34.0,55.0
2012-11-16 01:00:00,21.0,27.62848681207746,0.0,110.3791149703051,16.0,20.0
2012-11-16 02:00:00,9.0,11.158023543806948,0.0,93.90865170203459,7.0,12.0
2012-11-16 03:00:00,6.0,5.837851781045741,0.0,88.58847993927338,2.0,9.0
2012-11-16 04:00:00,5.0,6.932583290440079,0.0,89.68321144866772,5.0,14.0
2012-11-16 05:00:00,36.0,28.32289231800625,0.0,111.0735204762339,37.0,27.0
2012-11-16 06:00:00,130.0,132.82900998280655,50.07838182457891,215.5796381410342,147.0,131.0
2012-11-16 07:00:00,367.0,370.2847269223232,287.5340987640956,453.03535508055086,410.0,341.0
2012-11-16 08:00:00,711.0,629.6110729598122,546.8604448015845,712.3617011180398,646.0,693.0
2012-11-16 09:00:00,351.0,332.8864228714813,250.13579471325363,415.6370510297089,323.0,327.0
2012-11-16 10:00:00,198.0,192.34310173807535,109.5924735798477,275.093729896303,153.0,197.0
2012-11-16 11:00:00,218.0,235.86315242855503,153.11252427032738,318.6137805867827,166.0,251.0
2012-11-16 12:00:00,290.0,264.4336720542986,181.68304389607096,347.18430021252624,213.0,262.0
2012-11-16 13:00:00,278.0,286.57389894436926,203.82327078614162,369.3245271025969,217.0,299.0
2012-11-16 14:00:00,251.0,264.54254566409935,181.7919175058717,347.293173822327,201.0,274.0
2012-11-16 15:00:00,267.0,279.94652035219985,197.1958921939722,362.6971485104275,217.0,356.0
2012-11-16 16:00:00,383.0,389.01461144464406,306.2639832864164,471.7652396028717,342.0,434.0
2012-11-16 17:00:00,580.0,593.1414836445806,510.39085548635296,675.8921118028082,563.0,654.0
2012-11-16 18:00:00,505.0,469.35603154911377,386.6054033908861,552.1066597073414,573.0,496.0
2012-11-16 19:00:00,332.0,338.7151735808138,255.96454542258618,421.46580173904147,386.0,361.0
2012-11-16 20:00:00,227.0,223.19436174056392,140.44373358233628,305.94498989879156,285.0,255.0
2012-11-16 21:00:00,178.0,170.2452363792194,87.49460822099175,252.99586453744703,224.0,199.0
2012-11-16 22:00:00,162.0,145.76258488113118,63.011956722903534,228.51321303935882,153.0,163.0
2012-11-16 23:00:00,128.0,139.84450098335333,57.093872825125686,222.59512914158097,125.0,162.0
2012-11-17 00:00:00,106.0,105.33257044188242,22.581942283654783,188.08319860011005,65.0,122.0
2012-11-17 01:00:00,87.0,75.6200629614221,0.0,158.37069111964973,21.0,76.0
2012-11-17 02:00:00,49.0,57.0171345029697,0.0,139.76776266119734,9.0,44.0
2012-11-17 03:00:00,21.0,21.965325417049254,0.0,104.7159535752769,6.0,20.0
2012-11-17 04:00:00,7.0,8.517599534478801,0.0,91.26822769270645,5.0,6.0
2012-11-17 05:00:00,11.0,10.502591749638832,0.0,93.25321990786648,36.0,10.0
2012-11-17 06:00:00,21.0,24.13384951067468,0.0,106.88447766890232,130.0,16.0
2012-11-17 07:00:00,78.0,55.932509598739436,0.0,138.68313775696708,367.0,71.0
2012-11-17 08:00:00,168.0,172.00870133293992,89.25807317471228,254.75932949116756,711.0,146.0
2012-11-17 09:00:00,248.0,253.63663525420714,170.8860070959795,336.3872634124348,351.0,259.0
2012-11-17 10:00:00,320.0,342.0192692327102,259.26864107448256,424.76989739093784,198.0,350.0
2012-11-17 11:00:00,423.0,421.42577338759827,338.6751452293706,504.1764015458259,218.0,466.0
2012-11-17 12:00:00,476.0,502.86149124848004,420.1108630902524,585.6121194067077,290.0,606.0
2012-11-17 13:00:00,525.0,508.86052062429604,426.1098924660684,591.6111487825237,278.0,651.0
2012-11-17 14:00:00,555.0,503.31647480900494,420.5658466507773,586.0671029672326,251.0,627.0
2012-11-17 15:00:00,549.0,537.288005423688,454.53737726546035,620.0386335819156,267.0,567.0
2012-11-17 16:00:00,469.0,492.27742884303007,409.5268006848024,575.0280570012577,383.0,605.0
2012-11-17 17:00:00,403.0,434.06659791330543,351.3159697550778,516.817226071533,580.0,501.0
2012-11-17 18:00:00,271.0,342.3087535918865,259.55812543365886,425.05938175011414,505.0,359.0
2012-11-17 19:00:00,253.0,221.96600972529734,139.2153815670697,304.716637883525,332.0,283.0
2012-11-17 20:00:00,172.0,176.18367372809257,93.43304556986493,258.9343018863202,227.0,192.0
2012-11-17 21:00:00,139.0,158.23254780394495,75.48191964571731,240.9831759621726,178.0,220.0
2012-11-17 22:00:00,145.0,132.10715288086323,49.356524722635584,214.85778103909087,162.0,193.0
2012-11-17 23:00:00,133.0,122.652884256175,39.90225609794736,205.40351241440266,128.0,146.0
2012-11-18 00:00:00,129.0,107.44115885474629,24.69053069651865,190.19178701297392,106.0,124.0
2012-11-18 01:00:00,95.0,96.37644510506733,13.625816946839691,179.12707326329496,87.0,108.0
2012-11-18 02:00:00,73.0,73.2241818164692,0.0,155.97480997469683,49.0,70.0
2012-11-18 03:00:00,46.0,41.4374624618371,0.0,124.18809062006474,21.0,48.0
2012-11-18 04:00:00,12.0,13.077513701120328,0.0,95.82814185934797,7.0,11.0
2012-11-18 05:00:00,12.0,11.47833390787111,0.0,94.22896206609875,11.0,12.0
2012-11-18 06:00:00,15.0,22.9908688884385,0.0,105.74149704666614,21.0,19.0
2012-11-18 07:00:00,42.0,47.335460034501985,0.0,130.08608819272962,78.0,68.0
2012-11-18 08:00:00,119.0,120.42594349241887,37.675315334191225,203.1765716506465,168.0,119.0
2012-11-18 09:00:00,204.0,209.49044013635978,126.73981197813214,292.2410682945874,248.0,273.0
2012-11-18 10:00:00,329.0,303.98432013733054,221.2336919791029,386.7349482955582,320.0,405.0
2012-11-18 11:00:00,359.0,431.6899926913801,348.93936453315246,514.4406208496077,423.0,504.0
2012-11-18 12:00:00,442.0,448.30750491589237,365.5568767576647,531.05813307412,476.0,585.0
2012-11-18 13:00:00,447.0,509.03222803465985,426.2815998764322,591.7828561928875,525.0,686.0
2012-11-18 14:00:00,428.0,498.6114006513404,415.86077249311273,581.3620288095681,555.0,654.0
2012-11-18 15:00:00,407.0,523.4399073958788,440.68927923765114,606.1905355541064,549.0,724.0
2012-11-18 16:00:00,372.0,458.9594721657149,376.20884400748724,541.7101003239425,469.0,653.0
2012-11-18 17:00:00,280.0,321.09741215272106,238.34678399449342,403.8480403109487,403.0,493.0
2012-11-18 18:00:00,276.0,236.32357441349595,153.5729462552683,319.0742025717236,271.0,405.0
2012-11-18 19:00:00,210.0,217.43875849464877,134.68813033642112,300.1893866528764,253.0,277.0
2012-11-18 20:00:00,129.0,152.91334947098733,70.16272131275969,235.66397762921497,172.0,200.0
2012-11-18 21:00:00,110.0,103.16341701598623,20.412788857758585,185.91404517421387,139.0,171.0
2012-11-18 22:00:00,74.0,85.4485994265359,2.6979712683082653,168.19922758476355,145.0,134.0
2012-11-18 23:00:00,59.0,55.547109101733625,0.0,138.29773725996125,133.0,109.0
2012-11-19 00:00:00,27.0,27.495604697203696,0.0,110.24623285543134,129.0,49.0
2012-11-19 01:00:00,19.0,15.39872395183878,0.0,98.14935211006642,95.0,30.0
2012-11-19 02:00:00,5.0,11.626824712080166,0.0,94.3774528703078,73.0,20.0
2012-11-19 03:00:00,2.0,5.109225559821245,0.0,87.85985371804888,46.0,4.0
2012-11-19 04:00:00,12.0,5.128210961541157,0.0,87.8788391197688,12.0,4.0
2012-11-19 05:00:00,39.0,28.456383969002747,0.0,111.20701212723039,12.0,24.0
2012-11-19 06:00:00,131.0,111.13790583078669,28.38727767255905,193.88853398901432,15.0,71.0
2012-11-19 07:00:00,386.0,343.90871526819194,261.1580871099643,426.6593434264196,42.0,264.0
2012-11-19 08:00:00,663.0,532.5627391784425,449.81211102021484,615.3133673366701,119.0,540.0
2012-11-19 09:00:00,278.0,334.0808317322881,251.33020357406048,416.83145989051576,204.0,397.0
2012-11-19 10:00:00,139.0,192.91028334027163,110.15965518204399,275.6609114984993,329.0,266.0
2012-11-19 11:00:00,197.0,181.45317930160795,98.7025511433803,264.2038074598356,359.0,367.0
2012-11-19 12:00:00,242.0,222.73474804756742,139.98411988933978,305.4853762057951,442.0,419.0
2012-11-19 13:00:00,251.0,230.07140309392298,147.32077493569534,312.8220312521506,447.0,420.0
2012-11-19 14:00:00,217.0,241.54656573660063,158.79593757837299,324.2971938948283,428.0,444.0
2012-11-19 15:00:00,257.0,242.00508981231067,159.25446165408303,324.7557179705383,407.0,382.0
2012-11-19 16:00:00,380.0,418.1087721215667,335.35814396333905,500.85940027979433,372.0,434.0
2012-11-19 17:00:00,619.0,560.8323851908697,478.08175703264203,643.5830133490973,280.0,596.0
2012-11-19 18:00:00,580.0,497.9344287556423,415.18380059741463,580.6850569138699,276.0,551.0
2012-11-19 19:00:00,406.0,383.71023958808047,300.9596114298528,466.4608677463081,210.0,353.0
2012-11-19 20:00:00,259.0,280.77736868267556,198.02674052444792,363.5279968409032,129.0,304.0
2012-11-19 21:00:00,203.0,162.9672094319877,80.21658127376006,245.71783759021534,110.0,155.0
2012-11-19 22:00:00,113.0,124.04618226936526,41.29555411113762,206.7968104275929,74.0,112.0
2012-11-19 23:00:00,74.0,66.25166758198466,0.0,149.0022957402123,59.0,63.0
2012-11-20 00:00:00,29.0,29.078765504969102,0.0,111.82939366319674,27.0,23.0
2012-11-20 01:00:00,13.0,10.606062529235947,0.0,93.35669068746358,19.0,5.0
2012-11-20 02:00:00,5.0,7.175936228766434,0.0,89.92656438699407,5.0,11.0
2012-11-20 03:00:00,2.0,4.18937795991217,0.0,86.9400061181398,2.0,5.0
2012-11-20 04:00:00,6.0,5.897372408938242,0.0,88.64800056716588,12.0,9.0
2012-11-20 05:00:00,34.0,26.56833944921863,0.0,109.31896760744627,39.0,18.0
2012-11-20 06:00:00,148.0,123.26222881349884,40.511600655271195,206.01285697172648,131.0,50.0
2012-11-20 07:00:00,418.0,421.5900832620964,338.8394551038688,504.34071142032406,386.0,107.0
2012-11-20 08:00:00,665.0,561.8270938659953,479.0764657077676,644.5777220242229,663.0,211.0
2012-11-20 09:00:00,326.0,300.6423451778895,217.89171701966188,383.39297333611717,278.0,110.0
2012-11-20 10:00:00,176.0,159.02218561633495,76.27155745810731,241.7728137745626,139.0,94.0
2012-11-20 11:00:00,205.0,192.67355472027393,109.92292656204629,275.4241828785016,197.0,155.0
2012-11-20 12:00:00,313.0,231.44977567331364,148.699147515086,314.2004038315413,242.0,196.0
2012-11-20 13:00:00,267.0,251.81574645109487,169.06511829286723,334.5663746093225,251.0,218.0
2012-11-20 14:00:00,224.0,236.38881732503003,153.6381891668024,319.13944548325765,217.0,203.0
2012-11-20 15:00:00,287.0,239.7721140715493,157.02148591332167,322.52274222977695,257.0,217.0
2012-11-20 16:00:00,395.0,358.72115419402974,275.9705260358021,441.4717823522574,380.0,310.0
2012-11-20 17:00:00,590.0,616.0362775217843,533.2856493635567,698.786905680012,619.0,608.0
2012-11-20 18:00:00,550.0,475.52808139556606,392.7774532373384,558.2787095537938,580.0,559.0
2012-11-20 19:00:00,384.0,393.26786737433247,310.5172392161048,476.0184955325601,406.0,356.0
2012-11-20 20:00:00,235.0,264.62505294475636,181.87442478652872,347.375681102984,259.0,223.0
2012-11-20 21:00:00,157.0,173.07323175612578,90.32260359789814,255.82385991435342,203.0,187.0
2012-11-20 22:00:00,122.0,116.34187213098097,33.59124397275333,199.0925002892086,113.0,135.0
2012-11-20 23:00:00,83.0,73.60660036251221,0.0,156.35722852073985,74.0,84.0
2012-11-21 00:00:00,26.0,31.011616973142626,0.0,113.76224513137026,29.0,24.0
2012-11-21 01:00:00,14.0,10.438731337528138,0.0,93.18935949575578,13.0,12.0
2012-11-21 02:00:00,8.0,5.407061332029794,0.0,88.15768949025744,5.0,1.0
2012-11-21 03:00:00,2.0,4.89456140738276,0.0,87.6451895656104,2.0,5.0
2012-11-21 04:00:00,10.0,4.969063397857763,0.0,87.71969155608541,6.0,6.0
2012-11-21 05:00:00,29.0,34.56345786832347,0.0,117.31408602655111,34.0,39.0
2012-11-21 06:00:00,101.0,122.39871462209682,39.64808646386918,205.14934278032445,148.0,146.0
2012-11-21 07:00:00,273.0,366.24817017386016,283.4975420156325,448.9987983320878,418.0,415.0
2012-11-21 08:00:00,551.0,514.6806001742269,431.9299720159993,597.4312283324546,665.0,691.0
2012-11-21 09:00:00,365.0,315.21772879611297,232.46710063788532,397.9683569543406,326.0,332.0
2012-11-21 10:00:00,172.0,188.6478971849771,105.89726902674946,271.3985253432047,176.0,171.0
2012-11-21 11:00:00,241.0,197.48322597027004,114.7325978120424,280.2338541284977,205.0,151.0
2012-11-21 12:00:00,344.0,286.7856023884196,204.03497423019195,369.53623054664723,313.0,240.0
2012-11-21 13:00:00,365.0,320.2809117415308,237.53028358330317,403.03153989975846,267.0,214.0
2012-11-21 14:00:00,413.0,315.04868757288114,232.2980594146535,397.7993157311088,224.0,181.0
2012-11-21 15:00:00,449.0,402.2207409867424,319.47011282851474,484.97136914497,287.0,260.0
2012-11-21 16:00:00,469.0,455.2074589331396,372.45683077491196,537.9580870913672,395.0,321.0
2012-11-21 17:00:00,374.0,606.1172431095533,523.3666149513257,688.867871267781,590.0,583.0
2012-11-21 18:00:00,311.0,423.07023925603346,340.3196110978058,505.8208674142611,550.0,567.0
2012-11-21 19:00:00,243.0,277.58596227164156,194.83533411341392,360.3365904298692,384.0,396.0
2012-11-21 20:00:00,136.0,183.05282168560493,100.30219352737728,265.8034498438326,235.0,267.0
2012-11-21 21:00:00,105.0,121.78261198821566,39.03198382998802,204.5332401464433,157.0,213.0
2012-11-21 22:00:00,88.0,95.62477019433896,12.874142036111323,178.3753983525666,122.0,173.0
2012-11-21 23:00:00,57.0,63.10437048350669,0.0,145.85499864173434,83.0,87.0
2012-11-22 00:00:00,46.0,38.045142085254206,0.0,120.79577024348185,26.0,34.0
2012-11-22 01:00:00,42.0,27.80333882366722,0.0,110.55396698189486,14.0,16.0
2012-11-22 02:00:00,18.0,18.579154687646213,0.0,101.32978284587385,8.0,7.0
2012-11-22 03:00:00,6.0,6.49010339770309,0.0,89.24073155593074,2.0,2.0
2012-11-22 04:00:00,3.0,5.284322374543229,0.0,88.03495053277086,10.0,5.0
2012-11-22 05:00:00,8.0,17.19447359370719,0.0,99.94510175193483,29.0,37.0
2012-11-22 06:00:00,17.0,35.07794468303342,0.0,117.82857284126106,101.0,147.0
2012-11-22 07:00:00,56.0,52.04772834803138,0.0,134.798356506259,273.0,410.0
2012-11-22 08:00:00,97.0,123.02399114985131,40.27336299162367,205.77461930807897,551.0,646.0
2012-11-22 09:00:00,119.0,182.1905003431245,99.43987218489687,264.9411285013522,365.0,323.0
2012-11-22 10:00:00,219.0,167.87195420235287,85.12132604412523,250.6225823605805,172.0,153.0
2012-11-22 11:00:00,232.0,271.68798920347086,188.93736104524322,354.4386173616985,241.0,166.0
2012-11-22 12:00:00,262.0,339.3961477531434,256.64551959491575,422.14677591137104,344.0,213.0
2012-11-22 13:00:00,269.0,324.34163014332483,241.5910019850972,407.0922583015525,365.0,217.0
2012-11-22 14:00:00,220.0,304.5480688307239,221.79744067249624,387.2986969889515,413.0,201.0
2012-11-22 15:00:00,228.0,268.78205359402716,186.03142543579952,351.5326817522548,449.0,217.0
2012-11-22 16:00:00,182.0,262.47746736555644,179.7268392073288,345.2280955237841,469.0,342.0
2012-11-22 17:00:00,109.0,264.8516495267638,182.10102136853618,347.60227768499146,374.0,563.0
2012-11-22 18:00:00,70.0,140.7304924894429,57.97986433121525,223.48112064767054,311.0,573.0
2012-11-22 19:00:00,44.0,67.32632997107143,0.0,150.07695812929907,243.0,386.0
2012-11-22 20:00:00,52.0,44.17928629135728,0.0,126.92991444958491,136.0,285.0
2012-11-22 21:00:00,46.0,50.23305319335177,0.0,132.9836813515794,105.0,224.0
2012-11-22 22:00:00,44.0,52.747280745129395,0.0,135.49790890335703,88.0,153.0
2012-11-22 23:00:00,36.0,47.58210311664152,0.0,130.33273127486916,57.0,125.0
2012-11-23 00:00:00,32.0,28.433294218215142,0.0,111.18392237644278,46.0,65.0
2012-11-23 01:00:00,13.0,17.896200381068223,0.0,100.64682853929587,42.0,21.0
2012-11-23 02:00:00,5.0,8.716051920872507,0.0,91.46668007910014,18.0,9.0
2012-11-23 03:00:00,1.0,4.511855867991133,0.0,87.26248402621877,6.0,6.0
2012-11-23 04:00:00,4.0,3.979479366284888,0.0,86.73010752451253,3.0,5.0
2012-11-23 05:00:00,10.0,24.701534659738066,0.0,107.4521628179657,8.0,36.0
2012-11-23 06:00:00,20.0,48.679120390282804,0.0,131.42974854851045,17.0,130.0
2012-11-23 07:00:00,77.0,89.88537088499143,7.13474272676379,172.63599904321907,56.0,367.0
2012-11-23 08:00:00,94.0,209.93966537599914,127.1890372177715,292.6902935342268,97.0,711.0
2012-11-23 09:00:00,112.0,150.4457319484243,67.69510379019667,233.19636010665195,119.0,351.0
2012-11-23 10:00:00,201.0,138.85026279806928,56.09963463984164,221.60089095629692,219.0,198.0
2012-11-23 11:00:00,251.0,237.39700161402482,154.64637345579717,320.14762977225246,232.0,218.0
2012-11-23 12:00:00,379.0,292.27261345766254,209.5219852994349,375.0232416158902,262.0,290.0
2012-11-23 13:00:00,424.0,394.17339000475823,311.4227618465306,476.9240181629859,269.0,278.0
2012-11-23 14:00:00,435.0,386.21085734598074,303.4602291877531,468.9614855042084,220.0,251.0
2012-11-23 15:00:00,447.0,408.01682277419667,325.266194615969,490.7674509324243,228.0,267.0
2012-11-23 16:00:00,357.0,453.98115429681843,371.2305261385908,536.7317824550461,182.0,383.0
2012-11-23 17:00:00,300.0,487.5532234691892,404.8025953109616,570.3038516274169,109.0,580.0
2012-11-23 18:00:00,208.0,328.4445911994824,245.69396304125473,411.19521935771,70.0,505.0
2012-11-23 19:00:00,154.0,195.30962529881566,112.55899714058802,278.0602534570433,44.0,332.0
2012-11-23 20:00:00,142.0,154.1262186001363,71.37559044190866,236.87684675836394,52.0,227.0
2012-11-23 21:00:00,98.0,134.7192661726269,51.96863801439926,217.46989433085454,46.0,178.0
2012-11-23 22:00:00,79.0,101.80068851578557,19.050060357557925,184.5513166740132,44.0,162.0
2012-11-23 23:00:00,67.0,80.61966678912424,0.0,163.37029494735188,36.0,128.0
2012-11-24 00:00:00,42.0,64.02880166069632,0.0,146.77942981892397,32.0,106.0
2012-11-24 01:00:00,20.0,38.100017428327185,0.0,120.85064558655483,13.0,87.0
2012-11-24 02:00:00,32.0,21.107505790230096,0.0,103.85813394845773,5.0,49.0
2012-11-24 03:00:00,11.0,15.038909711904873,0.0,97.78953787013252,1.0,21.0
2012-11-24 04:00:00,3.0,5.5716520881170775,0.0,88.32228024634472,4.0,7.0
2012-11-24 05:00:00,3.0,8.950186299900883,0.0,91.70081445812852,10.0,11.0
2012-11-24 06:00:00,10.0,13.385479160215166,0.0,96.13610731844281,20.0,21.0
2012-11-24 07:00:00,25.0,32.061727575107774,0.0,114.81235573333541,77.0,78.0
2012-11-24 08:00:00,62.0,86.34873302382799,3.598104865600348,169.09936118205565,94.0,168.0
2012-11-24 09:00:00,122.0,100.08216991399823,17.331541755770587,182.83279807222587,112.0,248.0
2012-11-24 10:00:00,142.0,190.04187006586963,107.29124190764199,272.79249822409724,201.0,320.0
2012-11-24 11:00:00,186.0,190.07363713129254,107.3230089730649,272.8242652895202,251.0,423.0
2012-11-24 12:00:00,199.0,254.06264863500812,171.31202047678048,336.8132767932358,379.0,476.0
2012-11-24 13:00:00,225.0,220.79428212063735,138.0436539624097,303.544910278865,424.0,525.0
2012-11-24 14:00:00,207.0,289.1003556619218,206.34972750369417,371.85098382014945,435.0,555.0
2012-11-24 15:00:00,198.0,262.1811978037559,179.43056964552824,344.9318259619835,447.0,549.0
2012-11-24 16:00:00,170.0,203.9380562494638,121.18742809123617,286.6886844076914,357.0,469.0
2012-11-24 17:00:00,126.0,172.60263238459288,89.85200422636524,255.35326054282052,300.0,403.0
2012-11-24 18:00:00,145.0,124.86367164206052,42.11304348383288,207.61429980028817,208.0,271.0
2012-11-24 19:00:00,83.0,132.79112657687583,50.040498418648184,215.54175473510347,154.0,253.0
2012-11-24 20:00:00,58.0,72.64617208483631,0.0,155.39680024306395,142.0,172.0
2012-11-24 21:00:00,75.0,57.58107811008297,0.0,140.3317062683106,98.0,139.0
2012-11-24 22:00:00,76.0,71.1064373207159,0.0,153.85706547894353,79.0,145.0
2012-11-24 23:00:00,57.0,62.95231662537752,0.0,145.70294478360518,67.0,133.0
2012-11-25 00:00:00,34.0,66.71552876829912,0.0,149.46615692652676,42.0,129.0
2012-11-25 01:00:00,36.0,34.54801526664434,0.0,117.29864342487198,20.0,95.0
2012-11-25 02:00:00,28.0,33.094472291661376,0.0,115.84510044988902,32.0,73.0
2012-11-25 03:00:00,8.0,22.19910363467092,0.0,104.94973179289856,11.0,46.0
2012-11-25 04:00:00,2.0,5.982095132755179,0.0,88.73272329098282,3.0,12.0
2012-11-25 05:00:00,3.0,7.940822574930085,0.0,90.69145073315772,3.0,12.0
2012-11-25 06:00:00,11.0,9.163390297804114,0.0,91.91401845603176,10.0,15.0
2012-11-25 07:00:00,21.0,24.15330714126913,0.0,106.90393529949677,25.0,42.0
2012-11-25 08:00:00,34.0,70.80853245927759,0.0,153.55916061750523,62.0,119.0
2012-11-25 09:00:00,96.0,78.61512940388359,0.0,161.36575756211124,122.0,204.0
2012-11-25 10:00:00,139.0,150.67986881690075,67.92924065867311,233.4304969751284,142.0,329.0
2012-11-25 11:00:00,204.0,197.4834155362644,114.73278737803676,280.234043694492,186.0,359.0
2012-11-25 12:00:00,202.0,230.5297444370961,147.77911627886846,313.28037259532374,199.0,442.0
2012-11-25 13:00:00,195.0,195.45256312412772,112.70193496590008,278.20319128235536,225.0,447.0
2012-11-25 14:00:00,203.0,187.94425906107648,105.19363090284884,270.6948872193041,207.0,428.0
2012-11-25 15:00:00,245.0,199.7588830704436,117.00825491221596,282.5095112286713,198.0,407.0
2012-11-25 16:00:00,228.0,222.35889642668482,139.60826826845718,305.1095245849125,170.0,372.0
2012-11-25 17:00:00,181.0,190.13200679518667,107.38137863695903,272.8826349534143,126.0,280.0
2012-11-25 18:00:00,141.0,157.9231247815809,75.17249662335325,240.67375293980854,145.0,276.0
2012-11-25 19:00:00,127.0,122.51004532161744,39.7594171633898,205.26067347984508,83.0,210.0
2012-11-25 20:00:00,119.0,95.78495469305746,13.034326534829816,178.53558285128508,58.0,129.0
2012-11-25 21:00:00,64.0,92.94578990931967,10.19516175109203,175.6964180675473,75.0,110.0
2012-11-25 22:00:00,62.0,56.24326949074245,0.0,138.9938976489701,76.0,74.0
2012-11-25 23:00:00,41.0,44.15856431257162,0.0,126.90919247079927,57.0,59.0
2012-11-26 00:00:00,23.0,19.212001519223914,0.0,101.96262967745156,34.0,27.0
2012-11-26 01:00:00,10.0,12.571211420447309,0.0,95.32183957867495,36.0,19.0
2012-11-26 02:00:00,5.0,6.3523569652882035,0.0,89.10298512351585,28.0,5.0
2012-11-26 03:00:00,5.0,3.574451331909791,0.0,86.32507949013743,8.0,2.0
2012-11-26 04:00:00,10.0,5.724026797571696,0.0,88.47465495579934,2.0,12.0
2012-11-26 05:00:00,41.0,29.982982608985157,0.0,112.7336107672128,3.0,39.0
2012-11-26 06:00:00,124.0,135.16437380742013,52.41374564919249,217.91500196564778,11.0,131.0
2012-11-26 07:00:00,365.0,349.44376474408244,266.6931365858548,432.1943929023101,21.0,386.0
2012-11-26 08:00:00,638.0,656.4695706723464,573.7189425141188,739.2201988305741,34.0,663.0
2012-11-26 09:00:00,286.0,282.36090213201584,199.6102739737882,365.1115302902435,96.0,278.0
2012-11-26 10:00:00,147.0,133.7025424416766,50.95191428344896,216.45317059990424,139.0,139.0
2012-11-26 11:00:00,130.0,174.87153664309452,92.12090848486687,257.6221648013221,204.0,197.0
2012-11-26 12:00:00,210.0,189.51955214404194,106.7689239858143,272.2701803022696,202.0,242.0
2012-11-26 13:00:00,217.0,213.31229163157238,130.56166347334474,296.06291978980005,195.0,251.0
2012-11-26 14:00:00,228.0,196.1521964802662,113.40156832203857,278.9028246384938,203.0,217.0
2012-11-26 15:00:00,230.0,226.08502542219546,143.33439726396782,308.8356535804231,245.0,257.0
2012-11-26 16:00:00,346.0,314.05618692477543,231.3055587665478,396.8068150830031,228.0,380.0
2012-11-26 17:00:00,553.0,620.1437252766441,537.3930971184164,702.8943534348717,181.0,619.0
2012-11-26 18:00:00,521.0,547.0410388174229,464.29041065919523,629.7916669756505,141.0,580.0
2012-11-26 19:00:00,371.0,369.4947088194757,286.74408066124806,452.24533697770335,127.0,406.0
2012-11-26 20:00:00,277.0,244.96560188646566,162.21497372823802,327.7162300446933,119.0,259.0
2012-11-26 21:00:00,181.0,190.24937107968873,107.49874292146109,272.99999923791637,64.0,203.0
2012-11-26 22:00:00,104.0,120.94544724426541,38.19481908603777,203.69607540249305,62.0,113.0
2012-11-26 23:00:00,65.0,61.83359751386692,0.0,144.58422567209456,41.0,74.0
2012-11-27 00:00:00,26.0,26.035699972330352,0.0,108.78632813055799,23.0,29.0
2012-11-27 01:00:00,6.0,11.453962354063485,0.0,94.20459051229113,10.0,13.0
2012-11-27 02:00:00,5.0,4.529486081743048,0.0,87.28011423997069,5.0,5.0
2012-11-27 03:00:00,4.0,3.727454862842442,0.0,86.47808302107008,5.0,2.0
2012-11-27 04:00:00,5.0,4.773391214320406,0.0,87.52401937254805,10.0,6.0
2012-11-27 05:00:00,31.0,25.443770072443673,0.0,108.19439823067131,41.0,34.0
2012-11-27 06:00:00,100.0,114.73298750144384,31.982359343216203,197.4836156596715,124.0,148.0
2012-11-27 07:00:00,293.0,343.6416597347609,260.89103157653324,426.3922878929885,365.0,418.0
2012-11-27 08:00:00,500.0,501.76312724942414,419.0124990911965,584.5137554076518,638.0,665.0
2012-11-27 09:00:00,268.0,280.26297169900334,197.5123435407757,363.013599857231,286.0,326.0
2012-11-27 10:00:00,57.0,141.06923084203365,58.318602683806006,223.8198590002613,147.0,176.0
2012-11-27 11:00:00,65.0,75.72495889229769,0.0,158.47558705052535,130.0,205.0
2012-11-27 12:00:00,76.0,73.54549801341257,0.0,156.2961261716402,210.0,313.0
2012-11-27 13:00:00,77.0,74.60425638776556,0.0,157.3548845459932,217.0,267.0
2012-11-27 14:00:00,94.0,74.4566016220068,0.0,157.20722978023446,228.0,224.0
2012-11-27 15:00:00,155.0,93.5787201921228,10.82809203389516,176.32934835035044,230.0,287.0
2012-11-27 16:00:00,257.0,219.0484433644157,136.29781520618806,301.7990715226433,346.0,395.0
2012-11-27 17:00:00,527.0,419.097158183818,336.34653002559037,501.84778634204565,553.0,590.0
2012-11-27 18:00:00,482.0,439.54055189550934,356.7899237372817,522.291180053737,521.0,550.0
2012-11-27 19:00:00,350.0,308.83768827866805,226.0870601204404,391.5883164368957,371.0,384.0
2012-11-27 20:00:00,232.0,241.52275725145662,158.77212909322898,324.27338540968424,277.0,235.0
2012-11-27 21:00:00,185.0,167.17860739790328,84.42797923967564,249.92923555613092,181.0,157.0
2012-11-27 22:00:00,97.0,123.47985999915511,40.72923184092747,206.23048815738275,104.0,122.0
2012-11-27 23:00:00,67.0,64.12662964058765,0.0,146.8772577988153,65.0,83.0
2012-11-28 00:00:00,23.0,26.704229397870073,0.0,109.45485755609772,26.0,26.0
2012-11-28 01:00:00,12.0,11.013022306578046,0.0,93.76365046480569,6.0,14.0
2012-11-28 02:00:00,1.0,6.099030926902004,0.0,88.84965908512964,5.0,8.0
2012-11-28 03:00:00,3.0,3.454682432057295,0.0,86.20531059028494,4.0,2.0
2012-11-28 04:00:00,4.0,5.078653707829428,0.0,87.82928186605707,5.0,10.0
2012-11-28 05:00:00,39.0,27.269228621208963,0.0,110.01985677943661,31.0,29.0
2012-11-28 06:00:00,136.0,120.49727116063133,37.74664300240369,203.24789931885897,100.0,101.0
2012-11-28 07:00:00,409.0,338.1579982747676,255.40737011653994,420.9086264329952,293.0,273.0
2012-11-28 08:00:00,692.0,532.2361674274404,449.4855392692127,614.986795585668,500.0,551.0
2012-11-28 09:00:00,322.0,323.2897733952133,240.53914523698563,406.0404015534409,268.0,365.0
2012-11-28 10:00:00,161.0,159.2868036492174,76.53617549098976,242.03743180744505,57.0,172.0
2012-11-28 11:00:00,146.0,188.3415455743281,105.59091741610047,271.09217373255575,65.0,241.0
2012-11-28 12:00:00,208.0,213.08002251585876,130.32939435763112,295.8306506740864,76.0,344.0
2012-11-28 13:00:00,214.0,220.45133226423758,137.70070410600994,303.2019604224652,77.0,365.0
2012-11-28 14:00:00,176.0,209.76356230519843,127.01293414697079,292.5141904634261,94.0,413.0
2012-11-28 15:00:00,179.0,206.27967988607102,123.52905172784338,289.03030804429864,155.0,449.0
2012-11-28 16:00:00,325.0,331.64016528870593,248.8895371304783,414.39079344693357,257.0,469.0
2012-11-28 17:00:00,563.0,507.7812062733687,425.03057811514105,590.5318344315963,527.0,374.0
2012-11-28 18:00:00,542.0,502.89712021489714,420.1464920566695,585.6477483731248,482.0,311.0
2012-11-28 19:00:00,387.0,375.19692308845356,292.4462949302259,457.9475512466812,350.0,243.0
2012-11-28 20:00:00,263.0,255.64467936005704,172.8940512018294,338.39530751828465,232.0,136.0
2012-11-28 21:00:00,223.0,177.54644998760142,94.79582182937378,260.29707814582906,185.0,105.0
2012-11-28 22:00:00,154.0,139.17315036461343,56.42252220638579,221.92377852284108,97.0,88.0
2012-11-28 23:00:00,78.0,82.61199973960103,0.0,165.36262789782867,67.0,57.0
2012-11-29 00:00:00,29.0,39.03867991619936,0.0,121.789308074427,23.0,46.0
2012-11-29 01:00:00,16.0,19.09291615778068,0.0,101.84354431600832,12.0,42.0
2012-11-29 02:00:00,7.0,8.903655607255743,0.0,91.65428376548338,1.0,18.0
2012-11-29 05:00:00,42.0,15.760379757397727,0.0,98.51100791562537,39.0,8.0
2012-11-29 06:00:00,121.0,122.7310364215862,39.980408263358555,205.48166457981384,136.0,17.0
2012-11-29 07:00:00,362.0,396.1294781978929,313.3788500396653,478.88010635612056,409.0,56.0
2012-11-29 08:00:00,679.0,544.9803750855713,462.2297469273436,627.7310032437989,692.0,97.0
2012-11-29 09:00:00,299.0,284.2928413815973,201.54221322336969,367.04346953982497,322.0,119.0
2012-11-29 10:00:00,178.0,165.28872141338175,82.53809325515411,248.0393495716094,161.0,219.0
2012-11-29 11:00:00,163.0,201.6880457284853,118.93741757025765,284.43867388671293,146.0,232.0
2012-11-29 12:00:00,236.0,221.5225597376458,138.77193157941815,304.27318789587343,208.0,262.0
2012-11-29 13:00:00,224.0,237.77301542951452,155.02238727128687,320.5236435877422,214.0,269.0
2012-11-29 14:00:00,187.0,195.8369718609358,113.08634370270815,278.58760001916346,176.0,220.0
2012-11-29 15:00:00,220.0,202.0237236435082,119.27309548528055,284.77435180173586,179.0,228.0
2012-11-29 16:00:00,370.0,316.84232565724545,234.0916974990178,399.5929538154731,325.0,182.0
2012-11-29 17:00:00,561.0,583.8044643199241,501.0538361616965,666.5550924781518,563.0,109.0
2012-11-29 18:00:00,537.0,534.7811161381543,452.03048797992665,617.5317442963819,542.0,70.0
2012-11-29 19:00:00,344.0,376.03141764906707,293.2807894908394,458.7820458072947,387.0,44.0
2012-11-29 20:00:00,252.0,240.8903607067276,158.13973254849995,323.64098886495526,263.0,52.0
2012-11-29 21:00:00,208.0,174.67653693754562,91.92590877931798,257.42716509577326,223.0,46.0
2012-11-29 22:00:00,151.0,133.52348263900546,50.77285448077782,216.2741107972331,154.0,44.0
2012-11-29 23:00:00,130.0,87.52301804151455,4.772389883286905,170.2736461997422,78.0,36.0
2012-11-30 00:00:00,52.0,55.12446940626744,0.0,137.8750975644951,29.0,32.0
2012-11-30 01:00:00,19.0,22.55662822002982,0.0,105.30725637825746,16.0,13.0
2012-11-30 02:00:00,12.0,9.282573093954921,0.0,92.03320125218256,7.0,5.0
2012-11-30 04:00:00,3.0,4.422412868164095,0.0,87.17304102639173,7.0,4.0
2012-11-30 05:00:00,40.0,16.089911944285976,0.0,98.84054010251361,42.0,10.0
2012-11-30 06:00:00,106.0,112.9326101503082,30.18198199208055,195.68323830853583,121.0,20.0
2012-11-30 07:00:00,352.0,266.96615655170274,184.2155283934751,349.7167847099304,362.0,77.0
2012-11-30 08:00:00,729.0,494.3573854101987,411.60675725197103,577.1080135684263,679.0,94.0
2012-11-30 09:00:00,330.0,276.5527753124071,193.80214715417947,359.30340347063475,299.0,112.0
2012-11-30 10:00:00,169.0,169.24214083934748,86.49151268111984,251.99276899757513,178.0,201.0
2012-11-30 11:00:00,201.0,209.7363497998174,126.98572164158975,292.48697795804503,163.0,251.0
2012-11-30 12:00:00,268.0,253.45743120504966,170.70680304682202,336.2080593632773,236.0,379.0
2012-11-30 13:00:00,262.0,285.65215289879103,202.9015247405634,368.4027810570187,224.0,424.0
2012-11-30 14:00:00,251.0,284.0599196205617,201.30929146233404,366.8105477787893,187.0,435.0
2012-11-30 15:00:00,296.0,265.5527741734885,182.80214601526086,348.30340233171614,220.0,447.0
2012-11-30 16:00:00,405.0,361.0242606595667,278.2736325013391,443.77488881779436,370.0,357.0
2012-11-30 17:00:00,582.0,527.0991823149062,444.3485541566786,609.8498104731339,561.0,300.0
2012-11-30 18:00:00,509.0,498.36066318827375,415.6100350300461,581.1112913465014,537.0,208.0
2012-11-30 19:00:00,377.0,341.71351821849333,258.9628900602657,424.464146376721,344.0,154.0
2012-11-30 20:00:00,245.0,242.9214034506819,160.17077529245427,325.67203160890955,252.0,142.0
2012-11-30 21:00:00,183.0,173.86000028750232,91.10937212927467,256.61062844572996,208.0,98.0
2012-11-30 22:00:00,163.0,131.6503220628022,48.89969390457455,214.40095022102983,151.0,79.0
2012-11-30 23:00:00,110.0,119.93455751880138,37.18392936057374,202.68518567702904,130.0,67.0
2012-12-01 00:00:00,108.0,80.63275177532176,0.0,163.3833799335494,52.0,42.0
2012-12-01 01:00:00,69.0,64.31103701478366,0.0,147.0616651730113,19.0,20.0
2012-12-01 02:00:00,50.0,41.45878199254653,0.0,124.20941015077418,12.0,32.0
2012-12-01 03:00:00,15.0,17.606812876549352,0.0,100.357441034777,4.0,11.0
2012-12-01 04:00:00,5.0,5.067954479952143,0.0,87.81858263817979,3.0,3.0
2012-12-01 05:00:00,13.0,8.652658262875859,0.0,91.4032864211035,40.0,3.0
2012-12-01 06:00:00,27.0,26.38418094850049,0.0,109.13480910672813,106.0,10.0
2012-12-01 07:00:00,63.0,56.35542458320656,0.0,139.1060527414342,352.0,25.0
2012-12-01 08:00:00,144.0,109.77093697391828,27.02030881569064,192.52156513214592,729.0,62.0
2012-12-01 09:00:00,193.0,212.81944400218808,130.06881584396044,295.57007216041575,330.0,122.0
2012-12-01 10:00:00,256.0,198.19197393451148,115.44134577628384,280.9426020927391,169.0,142.0
2012-12-01 11:00:00,392.0,260.97788693916505,178.2272587809374,343.7285150973927,201.0,186.0
2012-12-01 12:00:00,446.0,421.91960873037624,339.1689805721486,504.6702368886039,268.0,199.0
2012-12-01 13:00:00,509.0,454.84843086257126,372.0978027043436,537.5990590207989,262.0,225.0
2012-12-01 14:00:00,479.0,425.0063613106348,342.2557331524072,507.75698946886246,251.0,207.0
2012-12-01 15:00:00,484.0,424.77742825289187,342.0268000946642,507.5280564111195,296.0,198.0
2012-12-01 16:00:00,443.0,413.5226368758569,330.77200871762926,496.27326503408455,405.0,170.0
2012-12-01 17:00:00,320.0,379.6427429636057,296.89211480537807,462.39337112183335,582.0,126.0
2012-12-01 18:00:00,297.0,236.7076796518192,153.95705149359156,319.45830781004685,509.0,145.0
2012-12-01 19:00:00,249.0,241.9724442036195,159.22181604539185,324.72307236184713,377.0,83.0
2012-12-01 20:00:00,198.0,179.79854948990297,97.04792133167533,262.5491776481306,245.0,58.0
2012-12-01 21:00:00,158.0,139.95574422194576,57.20511606371812,222.7063723801734,183.0,75.0
2012-12-01 22:00:00,147.0,121.96942919966622,39.21880104143858,204.72005735789386,163.0,76.0
2012-12-01 23:00:00,126.0,105.6031962646498,22.852568106422154,188.35382442287744,110.0,57.0
2012-12-02 00:00:00,117.0,103.60130757266447,20.850679414436826,186.3519357308921,108.0,34.0
2012-12-02 01:00:00,94.0,90.28406044080471,7.533432282577067,173.03468859903234,69.0,36.0
2012-12-02 02:00:00,74.0,68.8573317349438,0.0,151.60795989317143,50.0,28.0
2012-12-02 03:00:00,25.0,33.569136049481614,0.0,116.31976420770926,15.0,8.0
2012-12-02 04:00:00,7.0,7.836194012237181,0.0,90.58682217046483,5.0,2.0
2012-12-02 05:00:00,8.0,6.130202587093048,0.0,88.8808307453207,13.0,3.0
2012-12-02 06:00:00,16.0,15.089478914436619,0.0,97.84010707266427,27.0,11.0
2012-12-02 07:00:00,31.0,34.60287413020156,0.0,117.35350228842921,63.0,21.0
2012-12-02 08:00:00,93.0,76.92253705360523,0.0,159.67316521183287,144.0,34.0
2012-12-02 09:00:00,172.0,129.03127590099788,46.28064774277024,211.78190405922552,193.0,96.0
2012-12-02 10:00:00,293.0,239.2948485576912,156.54422039946357,322.0454767159189,256.0,139.0
2012-12-02 11:00:00,355.0,351.7556401910859,269.00501203285825,434.50626834931353,392.0,204.0
2012-12-02 12:00:00,520.0,380.1545149421207,297.4038867838931,462.90514310034837,446.0,202.0
2012-12-02 13:00:00,431.0,492.7169166648536,409.966288506626,575.4675448230812,509.0,195.0
2012-12-02 14:00:00,473.0,438.2157522934229,355.46512413519525,520.9663804516506,479.0,203.0
2012-12-02 15:00:00,417.0,489.50405281369143,406.7534246554638,572.254680971919,484.0,245.0
2012-12-02 16:00:00,443.0,423.6895499179031,340.93892175967545,506.44017807613074,443.0,228.0
2012-12-02 17:00:00,303.0,429.0470132370233,346.29638507879565,511.79764139525093,320.0,181.0
2012-12-02 18:00:00,203.0,241.2962858440493,158.54565768582165,324.04691400227694,297.0,141.0
2012-12-02 19:00:00,174.0,178.2459482567532,95.49532009852555,260.99657641498084,249.0,127.0
2012-12-02 20:00:00,154.0,136.7836981100363,54.03306995180867,219.53432626826395,198.0,119.0
2012-12-02 21:00:00,99.0,110.11310280437634,27.362474646148698,192.863730962604,158.0,64.0
2012-12-02 22:00:00,96.0,88.52017200767821,5.769543849450571,171.27080016590585,147.0,62.0
2012-12-02 23:00:00,51.0,60.32299821077314,0.0,143.07362636900078,126.0,41.0
2012-12-03 00:00:00,21.0,23.843342669869138,0.0,106.59397082809679,117.0,23.0
2012-12-03 01:00:00,13.0,10.738614638702135,0.0,93.48924279692977,94.0,10.0
2012-12-03 02:00:00,10.0,7.382708895800932,0.0,90.13333705402857,74.0,5.0
2012-12-03 03:00:00,8.0,6.010624582630775,0.0,88.76125274085841,25.0,5.0
2012-12-03 04:00:00,5.0,6.612182763943058,0.0,89.3628109221707,7.0,10.0
2012-12-03 05:00:00,38.0,29.70085569075174,0.0,112.45148384897938,8.0,41.0
2012-12-03 06:00:00,138.0,125.86251763603966,43.111889477812014,208.6131457942673,16.0,124.0
2012-12-03 07:00:00,396.0,383.55311932748447,300.8024911692568,466.3037474857121,31.0,365.0
2012-12-03 08:00:00,731.0,605.2216861608142,522.4710580025866,687.9723143190419,93.0,638.0
2012-12-03 09:00:00,308.0,278.5656502768352,195.81502211860754,361.3162784350628,172.0,286.0
2012-12-03 10:00:00,136.0,174.42006203515194,91.6694338769243,257.1706901933796,293.0,147.0
2012-12-03 11:00:00,233.0,168.4740555742745,85.72342741604686,251.22468373250214,355.0,130.0
2012-12-03 12:00:00,268.0,286.10155340792784,203.3509252497002,368.8521815661555,520.0,210.0
2012-12-03 13:00:00,321.0,268.0666048523809,185.31597669415328,350.81723301060856,431.0,217.0
2012-12-03 14:00:00,260.0,284.9000409734509,202.1494128152233,367.65066913167857,473.0,228.0
2012-12-03 15:00:00,268.0,284.22666503211167,201.47603687388403,366.9772931903393,417.0,230.0
2012-12-03 16:00:00,442.0,396.1954776965189,313.44484953829124,478.9461058547465,443.0,346.0
2012-12-03 17:00:00,708.0,611.0391893769365,528.2885612187089,693.7898175351642,303.0,553.0
2012-12-03 18:00:00,692.0,570.573379412591,487.8227512543633,653.3240075708186,203.0,521.0
2012-12-03 19:00:00,471.0,399.15315399597466,316.402525837747,481.9037821542023,174.0,371.0
2012-12-03 20:00:00,300.0,289.4763170009266,206.72568884269896,372.22694515915424,154.0,277.0
2012-12-03 21:00:00,221.0,207.89738867343436,125.14676051520672,290.648016831662,99.0,181.0
2012-12-03 22:00:00,144.0,144.13969894300033,61.389070784772684,226.89032710122797,96.0,104.0
2012-12-03 23:00:00,102.0,80.68916038520629,0.0,163.43978854343393,51.0,65.0
2012-12-04 00:00:00,55.0,41.45758660795416,0.0,124.20821476618181,21.0,26.0
2012-12-04 01:00:00,25.0,18.322918194265057,0.0,101.0735463524927,13.0,6.0
2012-12-04 02:00:00,8.0,10.493819992508863,0.0,93.2444481507365,10.0,5.0
2012-12-04 03:00:00,4.0,5.001627420952275,0.0,87.75225557917992,8.0,4.0
2012-12-04 04:00:00,7.0,4.829826078219613,0.0,87.58045423644725,5.0,5.0
2012-12-04 05:00:00,46.0,29.9976367621257,0.0,112.74826492035334,38.0,31.0
2012-12-04 06:00:00,153.0,134.6832221965332,51.93259403830555,217.43385035476084,138.0,100.0
2012-12-04 07:00:00,502.0,398.4636483051429,315.71302014691526,481.21427646337054,396.0,293.0
2012-12-04 08:00:00,721.0,610.9606971033783,528.2100689451506,693.7113252616059,731.0,500.0
2012-12-04 09:00:00,336.0,298.4632532344598,215.71262507623214,381.2138813926874,308.0,268.0
2012-12-04 10:00:00,156.0,198.7703939741891,116.01976581596145,281.52102213241676,136.0,57.0
2012-12-04 11:00:00,207.0,188.47483427565473,105.72420611742709,271.2254624338824,233.0,65.0
2012-12-04 12:00:00,312.0,252.6889287629526,169.93830060472496,335.43955692118027,268.0,76.0
2012-12-04 13:00:00,272.0,285.3279663654407,202.57733820721307,368.07859452366836,321.0,77.0
2012-12-04 14:00:00,270.0,246.40947631885203,163.6588481606244,329.1601044770797,260.0,94.0
2012-12-04 15:00:00,300.0,265.0268954380673,182.27626727983966,347.77752359629494,268.0,155.0
2012-12-04 16:00:00,435.0,384.6883772830972,301.9377491248696,467.43900544132487,442.0,257.0
2012-12-04 17:00:00,743.0,660.1381221029988,577.3874939447711,742.8887502612264,708.0,527.0
2012-12-04 18:00:00,731.0,632.3544136757234,549.6037855174958,715.1050418339511,692.0,482.0
2012-12-04 19:00:00,460.0,448.3178847613321,365.56725660310445,531.0685129195597,471.0,350.0
2012-12-04 20:00:00,306.0,305.34202643578857,222.59139827756093,388.0926545940162,300.0,232.0
2012-12-04 21:00:00,280.0,212.17387387513511,129.42324571690747,294.9245020333627,221.0,185.0
2012-12-04 22:00:00,181.0,177.39930475126073,94.64867659303309,260.14993290948837,144.0,97.0
2012-12-04 23:00:00,96.0,110.06413226563583,27.313504107408193,192.81476042386348,102.0,67.0
2012-12-05 00:00:00,37.0,40.39896355196837,0.0,123.149591710196,55.0,23.0
2012-12-05 01:00:00,11.0,15.402047453775932,0.0,98.15267561200358,25.0,12.0
2012-12-05 02:00:00,9.0,5.782566500529692,0.0,88.53319465875734,8.0,1.0
2012-12-05 03:00:00,7.0,4.910515468545342,0.0,87.66114362677298,4.0,3.0
2012-12-05 04:00:00,10.0,5.808696303978492,0.0,88.55932446220613,7.0,4.0
2012-12-05 05:00:00,49.0,35.52299590738234,0.0,118.27362406560998,46.0,39.0
2012-12-05 06:00:00,124.0,158.80571019293373,76.05508203470609,241.55633835116137,153.0,136.0
2012-12-05 07:00:00,398.0,328.0067921688792,245.25616401065156,410.75742032710684,502.0,409.0
2012-12-05 08:00:00,759.0,592.7591194879723,510.00849132974463,675.5097476461999,721.0,692.0
2012-12-05 09:00:00,388.0,338.70034046505424,255.9497123068266,421.4509686232819,336.0,322.0
2012-12-05 10:00:00,141.0,212.40637936163006,129.65575120340242,295.1570075198577,156.0,161.0
2012-12-05 11:00:00,172.0,176.92994473161338,94.17931657338573,259.680572889841,207.0,146.0
2012-12-05 12:00:00,232.0,231.7158884542109,148.96526029598326,314.46651661243857,312.0,208.0
2012-12-05 13:00:00,214.0,251.95081201867117,169.20018386044353,334.7014401768988,272.0,214.0
2012-12-05 14:00:00,218.0,213.93738259856406,131.18675444033641,296.6880107567917,270.0,176.0
2012-12-05 15:00:00,285.0,231.40846433958558,148.65783618135794,314.1590924978132,300.0,179.0
2012-12-05 16:00:00,377.0,374.00706142521443,291.2564332669868,456.7576895834421,435.0,325.0
2012-12-05 17:00:00,605.0,616.4302484678257,533.679620309598,699.1808766260533,743.0,563.0
2012-12-05 18:00:00,609.0,576.5689683111626,493.818340152935,659.3195964693903,731.0,542.0
2012-12-05 19:00:00,414.0,392.26421835907706,309.5135902008494,475.0148465173047,460.0,387.0
2012-12-05 20:00:00,293.0,268.10481493003766,185.35418677181002,350.8554430882653,306.0,263.0
2012-12-05 21:00:00,198.0,207.01194726611553,124.26131910788789,289.76257542434314,280.0,223.0
2012-12-05 22:00:00,105.0,135.51523598913283,52.76460783090519,218.26586414736047,181.0,154.0
2012-12-05 23:00:00,74.0,70.00965206515771,0.0,152.76028022338534,96.0,78.0
2012-12-06 00:00:00,44.0,32.90580909211515,0.0,115.65643725034279,37.0,29.0
2012-12-06 01:00:00,16.0,18.392368325077033,0.0,101.14299648330467,11.0,16.0
2012-12-06 02:00:00,9.0,7.261881510660063,0.0,90.0125096688877,9.0,7.0
2012-12-06 04:00:00,9.0,5.220783707186284,0.0,87.97141186541393,10.0,7.0
2012-12-06 05:00:00,32.0,35.45951240622616,0.0,118.21014056445381,49.0,42.0
2012-12-06 06:00:00,124.0,112.55549351007771,29.80486535185007,195.30612166830537,124.0,121.0
2012-12-06 07:00:00,389.0,355.08301906080493,272.3323909025773,437.83364721903257,398.0,362.0
2012-12-06 08:00:00,659.0,669.5817579204763,586.8311297622487,752.332386078704,759.0,679.0
2012-12-06 09:00:00,276.0,359.6709211414356,276.92029298320796,442.42154929966324,388.0,299.0
2012-12-06 10:00:00,145.0,133.50030709996156,50.74967894173392,216.2509352581892,141.0,178.0
2012-12-06 11:00:00,178.0,163.75360348799612,81.00297532976847,246.50423164622376,172.0,163.0
2012-12-06 12:00:00,235.0,211.27309272706532,128.52246456883768,294.02372088529296,232.0,236.0
2012-12-06 13:00:00,245.0,212.78571655562595,130.0350883973983,295.5363447138536,214.0,224.0
2012-12-06 14:00:00,212.0,205.55036944795174,122.7997412897241,288.3009976061794,218.0,187.0
2012-12-06 15:00:00,270.0,212.0583026536101,129.30767449538246,294.80893081183774,285.0,220.0
2012-12-06 16:00:00,331.0,354.9812569249166,272.23062876668894,437.7318850831442,377.0,370.0
2012-12-06 17:00:00,617.0,540.2646749034731,457.5140467452454,623.0153030617007,605.0,561.0
2012-12-06 18:00:00,565.0,528.0230368167762,445.27240865854856,610.7736649750038,609.0,537.0
2012-12-06 19:00:00,373.0,368.718360860595,285.96773270236736,451.46898901882264,414.0,344.0
2012-12-06 20:00:00,227.0,246.91312680396854,164.1624986457409,329.6637549621962,293.0,252.0
2012-12-06 21:00:00,191.0,166.22057983585557,83.46995167762793,248.97120799408322,198.0,208.0
2012-12-06 22:00:00,133.0,135.5916731511135,52.841044992885855,218.34230130934114,105.0,151.0
2012-12-06 23:00:00,93.0,91.25198904206273,8.50136088383509,174.0026172002904,74.0,130.0
2012-12-07 00:00:00,48.0,49.29748064349364,0.0,132.0481088017213,44.0,52.0
2012-12-07 01:00:00,28.0,24.08036794019901,0.0,106.83099609842665,16.0,19.0
2012-12-07 02:00:00,11.0,11.492542140313905,0.0,94.24317029854154,9.0,12.0
2012-12-07 03:00:00,5.0,5.003210131965775,0.0,87.75383829019341,2.0,4.0
2012-12-07 04:00:00,10.0,3.9077617400164604,0.0,86.6583898982441,9.0,3.0
2012-12-07 05:00:00,26.0,31.744719137878658,0.0,114.4953472961063,32.0,40.0
2012-12-07 06:00:00,84.0,94.2433942692466,11.492766111018952,176.99402242747425,124.0,106.0
2012-12-07 07:00:00,215.0,305.27902941511144,222.5284012568838,388.0296575733391,389.0,352.0
2012-12-07 08:00:00,441.0,471.7389761966129,388.98834803838525,554.4896043548406,659.0,729.0
2012-12-07 09:00:00,301.0,312.4438563360407,229.69322817781307,395.19448449426835,276.0,330.0
2012-12-07 10:00:00,166.0,157.5913284160153,74.84070025778766,240.34195657424294,145.0,169.0
2012-12-07 11:00:00,203.0,179.78280455002874,97.0321763918011,262.5334327082564,178.0,201.0
2012-12-07 12:00:00,240.0,230.885228256589,148.13460009836135,313.63585641481666,235.0,268.0
2012-12-07 13:00:00,220.0,244.5396724339147,161.78904427568705,327.29030059214233,245.0,262.0
2012-12-07 14:00:00,215.0,210.79711484297536,128.04648668474772,293.547743001203,212.0,251.0
2012-12-07 15:00:00,303.0,243.74887490473623,160.99824674650858,326.49950306296387,270.0,296.0
2012-12-07 16:00:00,375.0,346.2085087821279,263.4578806239003,428.95913694035556,331.0,405.0
2012-12-07 17:00:00,568.0,545.8738837793161,463.12325562108845,628.6245119375437,617.0,582.0
2012-12-07 18:00:00,498.0,429.3612653075469,346.61063714931925,512.1118934657745,565.0,509.0
2012-12-07 19:00:00,352.0,337.9766374844651,255.22600932623743,420.7272656426927,373.0,377.0
2012-12-07 20:00:00,241.0,224.56248379304438,141.81185563481674,307.31311195127205,227.0,245.0
2012-12-07 21:00:00,171.0,165.35117489165822,82.60054673343058,248.10180304988586,191.0,183.0
2012-12-07 22:00:00,165.0,136.31497409126538,53.56434593303774,219.06560224949303,133.0,163.0
2012-12-07 23:00:00,122.0,116.40097803065306,33.65034987242542,199.1516061888807,93.0,110.0
2012-12-08 00:00:00,103.0,99.87805925533112,17.127431097103482,182.62868741355877,48.0,108.0
2012-12-08 01:00:00,100.0,73.55418430236065,0.0,156.3048124605883,28.0,69.0
2012-12-08 02:00:00,70.0,65.04992432971189,0.0,147.8005524879395,11.0,50.0
2012-12-08 03:00:00,29.0,27.977644504790945,0.0,110.72827266301859,5.0,15.0
2012-12-08 04:00:00,12.0,9.97221366666943,0.0,92.72284182489707,10.0,5.0
2012-12-08 05:00:00,6.0,14.49954210609397,0.0,97.25017026432161,26.0,13.0
2012-12-08 06:00:00,20.0,19.6991082318687,0.0,102.44973639009635,84.0,27.0
2012-12-08 07:00:00,39.0,53.91605729138891,0.0,136.66668544961655,215.0,63.0
2012-12-08 08:00:00,111.0,116.91398307010003,34.16335491187239,199.66461122832766,441.0,144.0
2012-12-08 09:00:00,170.0,172.4833614303484,89.73273327212075,255.23398958857604,301.0,193.0
2012-12-08 10:00:00,287.0,259.42590637730103,176.6752782190734,342.1765345355287,166.0,256.0
2012-12-08 11:00:00,404.0,343.85811433765883,261.1074861794312,426.6087424958865,203.0,392.0
2012-12-08 12:00:00,486.0,450.69361836384894,367.9429902056213,533.4442465220766,240.0,446.0
2012-12-08 13:00:00,547.0,440.05762071840286,357.3069925601752,522.8082488766305,220.0,509.0
2012-12-08 14:00:00,542.0,471.68262128451147,388.9319931262838,554.4332494427391,215.0,479.0
2012-12-08 15:00:00,541.0,439.34655000242174,356.5959218441941,522.0971781606494,303.0,484.0
2012-12-08 16:00:00,507.0,424.1331195870037,341.38249142877606,506.88374774523135,375.0,443.0
2012-12-08 17:00:00,345.0,416.92873762755664,334.178109469329,499.6793657857843,568.0,320.0
2012-12-08 18:00:00,304.0,290.37142974923495,207.6208015910073,373.1220579074626,498.0,297.0
2012-12-08 19:00:00,246.0,243.63332341648166,160.88269525825402,326.3839515747093,352.0,249.0
2012-12-08 20:00:00,182.0,175.28672584330783,92.5360976850802,258.0373540015355,241.0,198.0
2012-12-08 21:00:00,209.0,144.61966844549318,61.869040287265534,227.37029660372082,171.0,158.0
2012-12-08 22:00:00,160.0,153.75497897853575,71.0043508203081,236.5056071367634,165.0,147.0
2012-12-08 23:00:00,162.0,125.79959559028576,43.04896743205812,208.55022374851342,122.0,126.0
2012-12-09 00:00:00,118.0,124.786948225024,42.036320066796364,207.53757638325163,103.0,117.0
2012-12-09 01:00:00,102.0,95.78483609090718,13.034207932679536,178.5354642491348,100.0,94.0
2012-12-09 02:00:00,78.0,85.22667658921672,2.4760484309890813,167.97730474744435,70.0,74.0
2012-12-09 03:00:00,48.0,36.84290869920846,0.0,119.5935368574361,29.0,25.0
2012-12-09 04:00:00,12.0,15.27284736305581,0.0,98.02347552128344,12.0,7.0
2012-12-09 05:00:00,8.0,9.519835843583667,0.0,92.2704640018113,6.0,8.0
2012-12-09 06:00:00,6.0,16.13154997824561,0.0,98.88217813647324,20.0,16.0
2012-12-09 07:00:00,23.0,19.463332556567753,0.0,102.21396071479539,39.0,31.0
2012-12-09 08:00:00,69.0,53.61220227479199,0.0,136.36283043301964,111.0,93.0
2012-12-09 09:00:00,103.0,96.99278866543551,14.24216050720787,179.74341682366315,170.0,172.0
2012-12-09 10:00:00,219.0,185.2370038190953,102.48637566086765,267.98763197732296,287.0,293.0
2012-12-09 11:00:00,250.0,313.61283129475856,230.86220313653092,396.3634594529862,404.0,355.0
2012-12-09 12:00:00,315.0,327.39116241885256,244.64053426062492,410.1417905770802,486.0,520.0
2012-12-09 13:00:00,285.0,339.03833581428904,256.2877076560614,421.7889639725167,547.0,431.0
2012-12-09 14:00:00,232.0,312.87963851619185,230.1290103579642,395.6302666744195,542.0,473.0
2012-12-09 15:00:00,225.0,252.25693343851984,169.5063052802922,335.00756159674745,541.0,417.0
2012-12-09 16:00:00,253.0,207.02234843505607,124.27172027682843,289.7729765932837,507.0,443.0
2012-12-09 17:00:00,229.0,188.94632352727024,106.1956953690426,271.6969516854979,345.0,303.0
2012-12-09 18:00:00,198.0,186.3003326771132,103.54970451888556,269.05096083534085,304.0,203.0
2012-12-09 19:00:00,122.0,160.46043384441694,77.7098056861893,243.21106200264458,246.0,174.0
2012-12-09 20:00:00,108.0,99.00272075776508,16.252092599537434,181.75334891599272,182.0,154.0
2012-12-09 21:00:00,96.0,89.01811631953748,6.267488161309842,171.76874447776513,209.0,99.0
2012-12-09 22:00:00,78.0,75.68811987175219,0.0,158.43874802997982,160.0,96.0
2012-12-09 23:00:00,51.0,59.486603566321534,0.0,142.2372317245492,162.0,51.0
2012-12-10 00:00:00,20.0,20.295032407071666,0.0,103.0456605652993,118.0,21.0
2012-12-10 01:00:00,4.0,9.808862330554069,0.0,92.5594904887817,102.0,13.0
2012-12-10 02:00:00,5.0,4.820046329640667,0.0,87.5706744878683,78.0,10.0
2012-12-10 03:00:00,4.0,4.903525564097794,0.0,87.65415372232543,48.0,8.0
2012-12-10 04:00:00,12.0,4.825501044183783,0.0,87.57612920241142,12.0,5.0
2012-12-10 05:00:00,27.0,29.48942497517583,0.0,112.24005313340348,8.0,38.0
2012-12-10 06:00:00,123.0,90.86379113825778,8.11316298003014,173.61441929648544,6.0,138.0
2012-12-10 07:00:00,294.0,341.67845669965067,258.927828541423,424.4290848578783,23.0,396.0
2012-12-10 08:00:00,584.0,571.9553754530704,489.2047472948427,654.706003611298,69.0,731.0
2012-12-10 09:00:00,284.0,293.450514577665,210.69988641943735,376.20114273589263,103.0,308.0
2012-12-10 10:00:00,133.0,145.1512231040336,62.40059494580595,227.90185126226123,219.0,136.0
2012-12-10 11:00:00,134.0,167.47541552090124,84.7247873626736,250.22604367912888,250.0,233.0
2012-12-10 12:00:00,173.0,132.97363996573807,50.22301180751043,215.72426812396571,315.0,268.0
2012-12-10 13:00:00,220.0,159.62693604597374,76.8763078877461,242.37756420420138,285.0,321.0
2012-12-10 14:00:00,210.0,161.46547792118068,78.71484976295304,244.21610607940832,232.0,260.0
2012-12-10 15:00:00,236.0,205.41510675568253,122.66447859745489,288.16573491391017,225.0,268.0
2012-12-10 16:00:00,345.0,322.3599163098523,239.60928815162464,405.1105444680799,253.0,442.0
2012-12-10 17:00:00,616.0,657.056118171627,574.3054900133993,739.8067463298546,229.0,708.0
2012-12-10 18:00:00,564.0,655.5477580860439,572.7971299278163,738.2983862442716,198.0,692.0
2012-12-10 19:00:00,427.0,407.93015922448484,325.1795310662572,490.6807873827125,122.0,471.0
2012-12-10 20:00:00,300.0,289.4558584229241,206.70523026469647,372.20648658115175,108.0,300.0
2012-12-10 21:00:00,245.0,209.76743867869226,127.01681052046462,292.5180668369199,96.0,221.0
2012-12-10 22:00:00,126.0,150.832055416096,68.08142725786837,233.58268357432365,78.0,144.0
2012-12-10 23:00:00,84.0,78.38086248159061,0.0,161.13149063981825,51.0,102.0
2012-12-11 00:00:00,31.0,40.09131644687816,0.0,122.8419446051058,20.0,55.0
2012-12-11 01:00:00,8.0,14.41504773855205,0.0,97.16567589677969,4.0,25.0
2012-12-11 02:00:00,1.0,5.433785749981042,0.0,88.18441390820868,5.0,8.0
2012-12-11 03:00:00,3.0,4.265167319785861,0.0,87.0157954780135,4.0,4.0
2012-12-11 04:00:00,8.0,4.609899536522718,0.0,87.36052769475036,12.0,7.0
2012-12-11 05:00:00,41.0,32.2113722969215,0.0,114.96200045514914,27.0,46.0
2012-12-11 06:00:00,118.0,97.26862840068588,14.518000242458243,180.01925655891353,123.0,153.0
2012-12-11 07:00:00,380.0,387.5929843695204,304.8423562112928,470.34361252774806,294.0,502.0
2012-12-11 08:00:00,724.0,713.1658100828519,630.4151819246242,795.9164382410795,584.0,721.0
2012-12-11 09:00:00,334.0,320.4713788251151,237.72075066688745,403.22200698334274,284.0,336.0
2012-12-11 10:00:00,154.0,173.29554303451008,90.54491487628243,256.0461711927377,133.0,156.0
2012-12-11 11:00:00,173.0,172.25076538584744,89.5001372276198,255.00139354407509,134.0,207.0
2012-12-11 12:00:00,226.0,234.15846525448907,151.40783709626143,316.90909341271674,173.0,312.0
2012-12-11 13:00:00,254.0,214.70043270137492,131.94980454314728,297.45106085960253,220.0,272.0
2012-12-11 14:00:00,204.0,224.97940180370466,142.22877364547702,307.7300299619323,210.0,270.0
2012-12-11 15:00:00,270.0,218.8458961240813,136.09526796585365,301.5965242823089,236.0,300.0
2012-12-11 16:00:00,358.0,351.38314419560743,268.6325160373798,434.13377235383507,345.0,435.0
2012-12-11 17:00:00,601.0,617.4812566439144,534.7306284856868,700.2318848021421,616.0,743.0
2012-12-11 18:00:00,546.0,612.5499360133929,529.7993078551652,695.3005641716205,564.0,731.0
2012-12-11 19:00:00,433.0,401.6308777020552,318.8802495438276,484.38150586028286,427.0,460.0
2012-12-11 20:00:00,257.0,282.26476201162774,199.5141338534001,365.0153901698554,300.0,306.0
2012-12-11 21:00:00,207.0,194.63393541406754,111.8833072558399,277.3845635722952,245.0,280.0
2012-12-11 22:00:00,106.0,143.7748850023984,61.024256844170765,226.52551316062605,126.0,181.0
2012-12-11 23:00:00,64.0,64.7313728442426,0.0,147.48200100247024,84.0,96.0
2012-12-12 00:00:00,34.0,27.98591429181403,0.0,110.73654245004167,31.0,37.0
2012-12-12 01:00:00,21.0,12.224197434577754,0.0,94.97482559280539,8.0,11.0
2012-12-12 02:00:00,9.0,8.324248858065785,0.0,91.07487701629343,1.0,9.0
2012-12-12 03:00:00,10.0,5.0347507508409866,0.0,87.78537890906863,3.0,7.0
2012-12-12 04:00:00,4.0,6.722305120212795,0.0,89.47293327844044,8.0,10.0
2012-12-12 05:00:00,37.0,36.667590321155195,0.0,119.41821847938283,41.0,49.0
2012-12-12 06:00:00,128.0,128.4585250410056,45.70789688277796,211.20915319923324,118.0,124.0
2012-12-12 07:00:00,369.0,346.8873585700122,264.1367304117846,429.63798672823987,380.0,398.0
2012-12-12 08:00:00,688.0,662.3892516622192,579.6386235039915,745.1398798204468,724.0,759.0
2012-12-12 09:00:00,285.0,332.3956954695709,249.64506731134327,415.14632362779855,334.0,388.0
2012-12-12 10:00:00,136.0,136.73801402638037,53.98738586815273,219.488642184608,154.0,141.0
2012-12-12 11:00:00,172.0,161.1073376928179,78.35670953459027,243.85796585104555,173.0,172.0
2012-12-12 12:00:00,232.0,206.0433280774197,123.29269991919205,288.79395623564733,226.0,232.0
2012-12-12 13:00:00,238.0,225.20696582172658,142.45633766349894,307.95759397995425,254.0,214.0
2012-12-12 14:00:00,225.0,214.49213466463831,131.74150650641067,297.242762822866,204.0,218.0
2012-12-12 15:00:00,228.0,234.09760179185633,151.3469736336287,316.848229950084,270.0,285.0
2012-12-12 16:00:00,329.0,328.6435575212585,245.89292936303087,411.39418567948616,358.0,377.0
2012-12-12 17:00:00,561.0,527.8229558457525,445.0723276875249,610.5735840039802,601.0,605.0
2012-12-12 18:00:00,540.0,522.5302115786334,439.77958342040574,605.280839736861,546.0,609.0
2012-12-12 19:00:00,402.0,381.7837057636911,299.03307760546346,464.53433392191874,433.0,414.0
2012-12-12 20:00:00,268.0,263.5304314211857,180.77980326295807,346.28105957941335,257.0,293.0
2012-12-12 21:00:00,202.0,188.39157027678317,105.64094211855553,271.1421984350108,207.0,198.0
2012-12-12 22:00:00,122.0,127.8278594964948,45.077231338267154,210.57848765472244,106.0,105.0
2012-12-12 23:00:00,79.0,73.36164405807791,0.0,156.11227221630554,64.0,74.0
2012-12-13 00:00:00,32.0,38.648191327642685,0.0,121.39881948587032,34.0,44.0
2012-12-13 01:00:00,23.0,15.312367485136361,0.0,98.062995643364,21.0,16.0
2012-12-13 02:00:00,8.0,9.757164621107256,0.0,92.50779277933489,9.0,9.0
2012-12-13 03:00:00,2.0,4.6029278305125105,0.0,87.35355598874015,10.0,2.0
2012-12-13 04:00:00,8.0,4.859775953472085,0.0,87.61040411169972,4.0,9.0
2012-12-13 05:00:00,33.0,28.94354240160179,0.0,111.69417055982943,37.0,32.0
2012-12-13 06:00:00,114.0,112.39957080659217,29.648942648364525,195.15019896481982,128.0,124.0
2012-12-13 07:00:00,385.0,350.1455967415335,267.39496858330585,432.89622489976114,369.0,389.0
2012-12-13 08:00:00,679.0,650.8024015475596,568.051773389332,733.5530297057873,688.0,659.0
2012-12-13 09:00:00,325.0,293.3264230976545,210.57579493942688,376.07705125588217,285.0,276.0
2012-12-13 10:00:00,167.0,156.6457729786138,73.89514482038615,239.39640113684143,136.0,145.0
2012-12-13 11:00:00,189.0,173.3446073918332,90.59397923360555,256.0952355500608,172.0,178.0
2012-12-13 12:00:00,282.0,230.14068629104304,147.3900581328154,312.8913144492707,232.0,235.0
2012-12-13 13:00:00,271.0,240.5913786134128,157.84075045518514,323.3420067716404,238.0,245.0
2012-12-13 14:00:00,242.0,230.43245099003815,147.6818228318105,313.1830791482658,225.0,212.0
2012-12-13 15:00:00,280.0,237.73111062755325,154.9804824693256,320.48173878578086,228.0,270.0
2012-12-13 16:00:00,406.0,321.28013460300497,238.52950644477733,404.0307627612326,329.0,331.0
2012-12-13 17:00:00,550.0,586.4888461344183,503.73821797619064,669.2394742926459,561.0,617.0
2012-12-13 18:00:00,466.0,479.32255005446444,396.5719218962368,562.073178212692,540.0,565.0
2012-12-13 19:00:00,348.0,329.91814481365907,247.16751665543143,412.6687729718867,402.0,373.0
2012-12-13 20:00:00,241.0,238.67764170185822,155.92701354363058,321.42826986008583,268.0,227.0
2012-12-13 21:00:00,213.0,173.41066503748544,90.6600368792578,256.1612931957131,202.0,191.0
2012-12-13 22:00:00,148.0,138.72032497934242,55.96969682111478,221.47095313757006,122.0,133.0
2012-12-13 23:00:00,120.0,93.9280640353455,11.177435877117858,176.67869219357314,79.0,93.0
2012-12-14 00:00:00,47.0,55.218383662629975,0.0,137.96901182085762,32.0,48.0
2012-12-14 01:00:00,26.0,24.15007096781334,0.0,106.90069912604098,23.0,28.0
2012-12-14 02:00:00,9.0,11.398291831166967,0.0,94.14891998939461,8.0,11.0
2012-12-14 03:00:00,12.0,4.8717853951773415,0.0,87.62241355340498,2.0,5.0
2012-12-14 04:00:00,10.0,6.928491623467385,0.0,89.67911978169502,8.0,10.0
2012-12-14 05:00:00,34.0,29.089375758027952,0.0,111.8400039162556,33.0,26.0
2012-12-14 06:00:00,113.0,107.51870202550249,24.76807386727485,190.26933018373012,114.0,84.0
2012-12-14 07:00:00,308.0,276.6202268215287,193.86959866330108,359.37085497975636,385.0,215.0
2012-12-14 08:00:00,636.0,470.80948985005824,388.0588616918306,553.5601180082858,679.0,441.0
2012-12-14 09:00:00,343.0,315.7150112806661,232.96438312243845,398.46563943889373,325.0,301.0
2012-12-14 10:00:00,190.0,169.61149102354335,86.86086286531571,252.362119181771,167.0,166.0
2012-12-14 11:00:00,211.0,180.8457289753328,98.09510081710516,263.59635713356045,189.0,203.0
2012-12-14 12:00:00,273.0,242.30278776662166,159.55215960839402,325.05341592484933,282.0,240.0
2012-12-14 13:00:00,313.0,263.0861238381404,180.33549567991275,345.83675199636804,271.0,220.0
2012-12-14 14:00:00,299.0,248.23664633226412,165.48601817403647,330.98727449049176,242.0,215.0
2012-12-14 15:00:00,309.0,296.06207880727464,213.311450649047,378.8127069655023,280.0,303.0
2012-12-14 16:00:00,417.0,378.1844276885298,295.43379953030217,460.93505584675745,406.0,375.0
2012-12-14 17:00:00,622.0,518.5141954978861,435.7635673396585,601.2648236561138,550.0,568.0
2012-12-14 18:00:00,455.0,458.1162422917449,375.3656141335173,540.8668704499726,466.0,498.0
2012-12-14 19:00:00,319.0,312.6942387262738,229.94361056804615,395.44486688450144,348.0,352.0
2012-12-14 20:00:00,221.0,205.01922881736283,122.26860065913519,287.76985697559047,241.0,241.0
2012-12-14 21:00:00,172.0,163.71572895588548,80.96510079765784,246.46635711411312,213.0,171.0
2012-12-14 22:00:00,138.0,140.53719402588473,57.78656586765709,223.28782218411237,148.0,165.0
2012-12-14 23:00:00,134.0,119.32872479584509,36.57809663761745,202.07935295407273,120.0,122.0
2012-12-15 00:00:00,94.0,97.86576827496607,15.11514011673843,180.6163964331937,47.0,103.0
2012-12-15 01:00:00,95.0,73.62637034824533,0.0,156.37699850647297,26.0,100.0
2012-12-15 02:00:00,69.0,59.64625770770851,0.0,142.39688586593616,9.0,70.0
2012-12-15 03:00:00,23.0,28.550658684301347,0.0,111.30128684252898,12.0,29.0
2012-12-15 04:00:00,6.0,9.70567004294626,0.0,92.4562982011739,10.0,12.0
2012-12-15 05:00:00,3.0,8.710453030321085,0.0,91.46108118854873,34.0,6.0
2012-12-15 06:00:00,11.0,17.218550959166247,0.0,99.96917911739389,113.0,20.0
2012-12-15 07:00:00,48.0,29.109153386124827,0.0,111.85978154435247,308.0,39.0
2012-12-15 08:00:00,119.0,121.18332824553681,38.43270008730917,203.93395640376445,636.0,111.0
2012-12-15 09:00:00,220.0,182.25577246058322,99.50514430235557,265.00640061881086,343.0,170.0
2012-12-15 10:00:00,273.0,277.5353406385336,194.78471248030598,360.28596879676127,190.0,287.0
2012-12-15 11:00:00,393.0,338.39946982721705,255.6488416689894,421.1500979854447,211.0,404.0
2012-12-15 12:00:00,453.0,497.2850918057097,414.5344636474821,580.0357199639374,273.0,486.0
2012-12-15 13:00:00,456.0,482.8459222178566,400.09529405962894,565.5965503760842,313.0,547.0
2012-12-15 14:00:00,426.0,455.717442074303,372.96681391607535,538.4680702325306,299.0,542.0
2012-12-15 15:00:00,447.0,471.160443492335,388.40981533410735,553.9110716505627,309.0,541.0
2012-12-15 16:00:00,413.0,445.1533003675062,362.40267220927853,527.9039285257338,417.0,507.0
2012-12-15 17:00:00,309.0,419.1108332709739,336.36020511274626,501.86146142920154,622.0,345.0
2012-12-15 18:00:00,272.0,283.8895049122307,201.13887675400304,366.6401330704583,455.0,304.0
2012-12-15 19:00:00,257.0,209.76563527064943,127.01500711242178,292.5162634288771,319.0,246.0
2012-12-15 20:00:00,201.0,173.53901809958907,90.78838994136143,256.2896462578167,221.0,182.0
2012-12-15 21:00:00,184.0,163.19099810727096,80.44036994904332,245.9416262654986,172.0,209.0
2012-12-15 22:00:00,156.0,145.1974878837788,62.44685972555115,227.94811604200643,138.0,160.0
2012-12-15 23:00:00,119.0,135.11181627725074,52.3611881190231,217.86244443547838,134.0,162.0
2012-12-16 00:00:00,110.0,99.17913405801309,16.42850589978545,181.92976221624073,94.0,118.0
2012-12-16 01:00:00,96.0,86.43248615948788,3.681858001260238,169.18311431771554,95.0,102.0
2012-12-16 02:00:00,87.0,67.5384524419886,0.0,150.28908060021624,69.0,78.0
2012-12-16 03:00:00,38.0,44.20074051992631,0.0,126.95136867815395,23.0,48.0
2012-12-16 04:00:00,11.0,10.756092950953908,0.0,93.50672110918156,6.0,12.0
2012-12-16 05:00:00,9.0,7.879718712534859,0.0,90.6303468707625,3.0,8.0
2012-12-16 06:00:00,6.0,11.60340258676991,0.0,94.35403074499754,11.0,6.0
2012-12-16 07:00:00,27.0,19.65942809708958,0.0,102.41005625531722,48.0,23.0
2012-12-16 08:00:00,88.0,73.94694796306428,0.0,156.69757612129192,119.0,69.0
2012-12-16 09:00:00,132.0,146.4611271918692,63.710499033641554,229.21175535009684,220.0,103.0
2012-12-16 10:00:00,257.0,224.6761984801413,141.92557032191365,307.42682663836894,273.0,219.0
2012-12-16 11:00:00,295.0,343.15734060855357,260.4067124503259,425.9079687667812,393.0,250.0
2012-12-16 12:00:00,417.0,366.5271467805611,283.77651862233347,449.27777493878875,453.0,315.0
2012-12-16 13:00:00,356.0,431.4534850103382,348.7028568521106,514.2041131685659,456.0,285.0
2012-12-16 14:00:00,310.0,336.0120571755392,253.26142901731157,418.76268533376685,426.0,232.0
2012-12-16 15:00:00,338.0,300.0429831530103,217.29235499478267,382.79361131123795,447.0,225.0
2012-12-16 16:00:00,400.0,314.4767852352484,231.7261570770208,397.22741339347607,413.0,253.0
2012-12-16 17:00:00,243.0,325.44860484535974,242.6979766871321,408.1992330035874,309.0,229.0
2012-12-16 18:00:00,107.0,201.7790196428019,119.02839148457426,284.52964780102957,272.0,198.0
2012-12-16 19:00:00,109.0,103.57074545143999,20.82011729321235,186.32137360966763,257.0,122.0
2012-12-16 20:00:00,122.0,93.30162740178999,10.550999243562345,176.0522555600176,201.0,108.0
2012-12-16 21:00:00,106.0,105.28398656900967,22.53335841078203,188.0346147272373,184.0,96.0
2012-12-16 22:00:00,89.0,86.13798944879188,3.387361290564243,168.8886176070195,156.0,78.0
2012-12-16 23:00:00,33.0,65.16840889884534,0.0,147.91903705707298,119.0,51.0
2012-12-17 00:00:00,28.0,16.140422131551365,0.0,98.891050289779,110.0,20.0
2012-12-17 01:00:00,15.0,10.792356563873073,0.0,93.54298472210071,96.0,4.0
2012-12-17 02:00:00,5.0,7.723616336592776,0.0,90.47424449482041,87.0,5.0
2012-12-17 03:00:00,3.0,4.792789933439212,0.0,87.54341809166685,38.0,4.0
2012-12-17 04:00:00,5.0,5.687789971932235,0.0,88.43841813015987,11.0,12.0
2012-12-17 05:00:00,24.0,21.1310128112616,0.0,103.88164096948924,9.0,27.0
2012-12-17 06:00:00,108.0,101.3076604330422,18.55703227481456,184.05828859126984,6.0,123.0
2012-12-17 07:00:00,319.0,295.69127733092415,212.9406491726965,378.4419054891518,27.0,294.0
2012-12-17 08:00:00,592.0,496.55927802862135,413.8086498703937,579.309906186849,88.0,584.0
2012-12-17 09:00:00,282.0,275.0085414172673,192.25791325903964,357.7591695754949,132.0,284.0
2012-12-17 10:00:00,135.0,157.8725458928722,75.12191773464457,240.62317405109985,257.0,133.0
2012-12-17 11:00:00,170.0,143.646207234274,60.895579076046346,226.39683539250163,295.0,134.0
2012-12-17 12:00:00,232.0,195.77610592736764,113.02547776914,278.5267340855953,417.0,173.0
2012-12-17 13:00:00,210.0,242.70933860784115,159.9587104496135,325.45996676606876,356.0,220.0
2012-12-17 14:00:00,181.0,183.34112352188578,100.59049536365814,266.0917516801134,310.0,210.0
2012-12-17 15:00:00,211.0,193.7680137141246,111.01738555589696,276.51864187235225,338.0,236.0
2012-12-17 16:00:00,302.0,297.8971468539975,215.14651869576988,380.64777501222517,400.0,345.0
2012-12-17 17:00:00,495.0,460.0206910091752,377.27006285094757,542.7713191674029,243.0,616.0
2012-12-17 18:00:00,507.0,443.66964863069927,360.91902047247163,526.4202767889269,107.0,564.0
2012-12-17 19:00:00,340.0,366.3018409664292,283.55121280820157,449.05246912465685,109.0,427.0
2012-12-17 20:00:00,200.0,238.85371657162662,156.10308841339898,321.60434472985423,122.0,300.0
2012-12-17 21:00:00,120.0,172.79053720058468,90.03990904235704,255.54116535881232,106.0,245.0
2012-12-17 22:00:00,54.0,91.43462161524413,8.683993457016484,174.18524977347175,89.0,126.0
2012-12-17 23:00:00,47.0,43.773981006833964,0.0,126.5246091650616,33.0,84.0
2012-12-18 00:00:00,18.0,19.541669196622955,0.0,102.2922973548506,28.0,31.0
2012-12-18 01:00:00,15.0,9.328190717886567,0.0,92.07881887611421,15.0,8.0
2012-12-18 02:00:00,7.0,5.766779256391053,0.0,88.51740741461869,5.0,1.0
2012-12-18 03:00:00,5.0,3.897036836182774,0.0,86.64766499441042,3.0,3.0
2012-12-18 04:00:00,8.0,4.986302087305959,0.0,87.7369302455336,5.0,8.0
2012-12-18 05:00:00,36.0,31.188403677886523,0.0,113.93903183611417,24.0,41.0
2012-12-18 06:00:00,118.0,124.89005144764074,42.1394232894131,207.6406796058684,108.0,118.0
2012-12-18 07:00:00,355.0,352.38029528501727,269.6296671267896,435.1309234432449,319.0,380.0
2012-12-18 08:00:00,662.0,696.2122946948023,613.4616665365746,778.9629228530299,592.0,724.0
2012-12-18 09:00:00,326.0,311.34290374975495,228.5922755915273,394.0935319079826,282.0,334.0
2012-12-18 10:00:00,184.0,168.0216308054621,85.27100264723447,250.77225896368975,135.0,154.0
2012-12-18 11:00:00,269.0,196.76162234808078,114.01099418985314,279.5122505063084,170.0,173.0
2012-12-18 12:00:00,313.0,274.52382127919736,191.77319312096972,357.274449437425,232.0,226.0
2012-12-18 13:00:00,286.0,221.8502579843652,139.09962982613754,304.6008861425928,210.0,254.0
2012-12-18 14:00:00,247.0,226.06289670441936,143.31226854619172,308.813524862647,181.0,204.0
2012-12-18 15:00:00,246.0,253.52842026036743,170.77779210213978,336.27904841859504,211.0,270.0
2012-12-18 16:00:00,363.0,330.20738325300255,247.4567550947749,412.9580114112302,302.0,358.0
2012-12-18 17:00:00,572.0,559.7498960457008,476.99926788747314,642.5005242039284,495.0,601.0
2012-12-18 18:00:00,525.0,489.525859224335,406.7752310661074,572.2764873825627,507.0,546.0
2012-12-18 19:00:00,353.0,351.02496986239714,268.2743417041695,433.7755980206248,340.0,433.0
2012-12-18 20:00:00,268.0,231.2744771642691,148.52384900604144,314.02510532249676,200.0,257.0
2012-12-18 21:00:00,168.0,179.8994879981668,97.14885983993915,262.65011615639446,120.0,207.0
2012-12-18 22:00:00,132.0,111.14696662103232,28.396338462804678,193.89759477925998,54.0,106.0
2012-12-18 23:00:00,81.0,70.51014334940295,0.0,153.26077150763058,47.0,64.0
2012-12-19 00:00:00,41.0,29.882478437545867,0.0,112.63310659577351,18.0,34.0
2012-12-19 01:00:00,15.0,18.129527172944705,0.0,100.88015533117235,15.0,21.0
2012-12-19 02:00:00,3.0,7.084789669762022,0.0,89.83541782798966,7.0,9.0
2012-12-19 03:00:00,5.0,5.252153435342108,0.0,88.00278159356975,5.0,10.0
2012-12-19 04:00:00,7.0,4.387839115044176,0.0,87.13846727327181,8.0,4.0
2012-12-19 05:00:00,31.0,31.70544463635079,0.0,114.45607279457843,36.0,37.0
2012-12-19 06:00:00,112.0,109.14358656755462,26.39295840932698,191.89421472578226,118.0,128.0
2012-12-19 07:00:00,363.0,335.0874573565679,252.33682919834024,417.8380855147955,355.0,369.0
2012-12-19 08:00:00,678.0,632.7112448935958,549.9606167353681,715.4618730518234,662.0,688.0
2012-12-19 09:00:00,317.0,281.29107005287466,198.54044189464702,364.0416982111023,326.0,285.0
2012-12-19 10:00:00,164.0,161.98126842601275,79.2306402677851,244.7318965842404,184.0,136.0
2012-12-19 11:00:00,200.0,192.49397151699728,109.74334335876964,275.2445996752249,269.0,172.0
2012-12-19 12:00:00,236.0,252.86282354298334,170.1121953847557,335.613451701211,313.0,232.0
2012-12-19 13:00:00,213.0,242.6676086175912,159.91698045936357,325.41823677581885,286.0,238.0
2012-12-19 14:00:00,218.0,201.70024441588322,118.94961625765558,284.45087257411086,247.0,225.0
2012-12-19 15:00:00,237.0,214.6536638872364,131.90303572900876,297.40429204546405,246.0,228.0
2012-12-19 16:00:00,334.0,325.8076924512737,243.05706429304604,408.5583206095013,363.0,329.0
2012-12-19 17:00:00,562.0,523.2840946268258,440.53346646859814,606.0347227850534,572.0,561.0
2012-12-19 18:00:00,569.0,474.2112592017301,391.4606310435025,556.9618873599577,525.0,540.0
2012-12-19 19:00:00,336.0,350.750529367477,267.99990120924934,433.5011575257046,353.0,402.0
2012-12-19 20:00:00,241.0,230.38489295761258,147.63426479938494,313.1355211158402,268.0,268.0
2012-12-19 21:00:00,168.0,172.88594822208492,90.13532006385728,255.63657638031256,168.0,202.0
2012-12-19 22:00:00,129.0,121.62707846335746,38.87645030512982,204.3777066215851,132.0,122.0
2012-12-19 23:00:00,88.0,73.79753136051683,0.0,156.54815951874446,81.0,79.0
2012-12-20 00:00:00,42.0,40.149277544376474,0.0,122.89990570260412,41.0,32.0
2012-12-20 01:00:00,20.0,19.634243249477063,0.0,102.38487140770471,15.0,23.0
2012-12-20 02:00:00,8.0,9.227709937991651,0.0,91.97833809621929,3.0,8.0
2012-12-20 03:00:00,4.0,4.269388509765783,0.0,87.02001666799342,5.0,2.0
2012-12-20 04:00:00,6.0,4.9508167388245266,0.0,87.70144489705217,7.0,8.0
2012-12-20 05:00:00,35.0,28.038831095587643,0.0,110.78945925381528,31.0,33.0
2012-12-20 06:00:00,118.0,120.14930704004992,37.39867888182228,202.89993519827755,112.0,114.0
2012-12-20 07:00:00,350.0,357.84537445443334,275.0947462962057,440.596002612661,363.0,385.0
2012-12-20 08:00:00,599.0,675.7080352979973,592.9574071397697,758.4586634562249,678.0,679.0
2012-12-20 09:00:00,317.0,317.81350311062613,235.0628749523985,400.56413126885377,317.0,325.0
2012-12-20 10:00:00,161.0,161.8102725846284,79.05964442640075,244.56090074285603,164.0,167.0
2012-12-20 11:00:00,190.0,179.81996393557577,97.06933577734813,262.5705920938034,200.0,189.0
2012-12-20 12:00:00,212.0,239.73403259744822,156.98340443922058,322.48466075567586,236.0,282.0
2012-12-20 13:00:00,217.0,218.92188490709768,136.17125674887004,301.67251306532535,213.0,271.0
2012-12-20 14:00:00,214.0,197.10652855150352,114.35590039327587,279.85715670973116,218.0,242.0
2012-12-20 15:00:00,249.0,223.78483816274445,141.0342100045168,306.5354663209721,237.0,280.0
2012-12-20 16:00:00,302.0,317.719432635752,234.96880447752437,400.47006079397966,334.0,406.0
2012-12-20 17:00:00,475.0,466.2744272395535,383.5237990813259,549.0250553977812,562.0,550.0
2012-12-20 18:00:00,381.0,422.1068440356717,339.3562158774441,504.85747219389935,569.0,466.0
2012-12-20 19:00:00,118.0,279.81229707410705,197.0616689158794,362.5629252323347,336.0,348.0
2012-12-20 20:00:00,50.0,104.42541430616866,21.67478614794102,187.1760424643963,241.0,241.0
2012-12-20 21:00:00,26.0,56.693686277301154,0.0,139.44431443552878,168.0,213.0
2012-12-20 22:00:00,21.0,37.30010050779531,0.0,120.05072866602295,129.0,148.0
2012-12-20 23:00:00,13.0,35.82615230467656,0.0,118.5767804629042,88.0,120.0
2012-12-21 00:00:00,17.0,15.864064705322383,0.0,98.61469286355002,42.0,47.0
2012-12-21 01:00:00,9.0,11.500048618330649,0.0,94.2506767765583,20.0,26.0
2012-12-21 02:00:00,3.0,6.197521578958357,0.0,88.948149737186,8.0,9.0
2012-12-21 03:00:00,3.0,5.330943753697896,0.0,88.08157191192554,4.0,12.0
2012-12-21 04:00:00,6.0,5.298224654728992,0.0,88.04885281295664,6.0,10.0
2012-12-21 05:00:00,13.0,28.244128090516362,0.0,110.99475624874401,35.0,34.0
2012-12-21 06:00:00,80.0,65.80369145552916,0.0,148.5543196137568,118.0,113.0
2012-12-21 07:00:00,208.0,204.63730512994778,121.88667697172014,287.3879332881754,350.0,308.0
2012-12-21 08:00:00,472.0,478.2006603797124,395.4500322214848,560.9512885379401,599.0,636.0
2012-12-21 09:00:00,267.0,324.0787219869073,241.32809382867964,406.8293501451349,317.0,343.0
2012-12-21 10:00:00,154.0,158.70084992849067,75.95022177026303,241.4514780867183,161.0,190.0
2012-12-21 11:00:00,162.0,179.4124362547001,96.66180809647247,262.1630644129277,190.0,211.0
2012-12-21 12:00:00,224.0,198.36053860149212,115.60991044326448,281.11116675971977,212.0,273.0
2012-12-21 13:00:00,240.0,217.63441563639944,134.8837874781718,300.3850437946271,217.0,313.0
2012-12-21 14:00:00,219.0,218.20142685239037,135.45079869416273,300.952055010618,214.0,299.0
2012-12-21 15:00:00,263.0,213.09203215745697,130.34140399922933,295.8426603156846,249.0,309.0
2012-12-21 16:00:00,281.0,311.5089820612432,228.75835390301557,394.25961021947086,302.0,417.0
2012-12-21 17:00:00,321.0,445.1360412515577,362.38541309333004,527.8866694097853,475.0,622.0
2012-12-21 18:00:00,243.0,309.6455379309077,226.89490977268008,392.39616608913536,381.0,455.0
2012-12-21 19:00:00,153.0,186.5105280225963,103.75989986436866,269.26115618082395,118.0,319.0
2012-12-21 20:00:00,112.0,135.7896024334466,53.03897427521895,218.54023059167423,50.0,221.0
2012-12-21 21:00:00,70.0,102.34483672252205,19.594208564294405,185.0954648807497,26.0,172.0
2012-12-21 22:00:00,63.0,66.6393918638101,0.0,149.39002002203773,21.0,138.0
2012-12-21 23:00:00,40.0,59.354661752708004,0.0,142.10528991093565,13.0,134.0
2012-12-22 00:00:00,31.0,36.695419434123274,0.0,119.44604759235091,17.0,94.0
2012-12-22 01:00:00,35.0,27.422606142167666,0.0,110.17323430039531,9.0,95.0
2012-12-22 02:00:00,23.0,29.160356520678384,0.0,111.91098467890603,3.0,69.0
2012-12-22 03:00:00,7.0,14.109961434895146,0.0,96.86058959312278,3.0,23.0
2012-12-22 04:00:00,5.0,4.711572901364391,0.0,87.46220105959203,6.0,6.0
2012-12-22 05:00:00,5.0,6.373608926546793,0.0,89.12423708477444,13.0,3.0
2012-12-22 06:00:00,13.0,15.303154105896056,0.0,98.0537822641237,80.0,11.0
2012-12-22 07:00:00,20.0,41.604582349762644,0.0,124.35521050799028,208.0,48.0
2012-12-22 08:00:00,29.0,77.22241990558736,0.0,159.97304806381499,472.0,119.0
2012-12-22 09:00:00,90.0,63.35399222372261,0.0,146.10462038195024,267.0,220.0
2012-12-22 10:00:00,118.0,154.68089877086945,71.9302706126418,237.4315269290971,154.0,273.0
2012-12-22 11:00:00,159.0,180.50860403095558,97.75797587272794,263.2592321891832,162.0,393.0
2012-12-22 12:00:00,146.0,224.5316366299122,141.78100847168457,307.28226478813986,224.0,453.0
2012-12-22 13:00:00,158.0,166.8301965612919,84.07956840306426,249.58082471951954,240.0,456.0
2012-12-22 14:00:00,161.0,176.03344638783298,93.28281822960534,258.78407454606065,219.0,426.0
2012-12-22 15:00:00,153.0,178.9811871839289,96.23055902570127,261.73181534215655,263.0,447.0
2012-12-22 16:00:00,147.0,144.41484420101,61.66421604278236,227.16547235923764,281.0,413.0
2012-12-22 17:00:00,114.0,142.9745141358302,60.22388597760255,225.72514229405783,321.0,309.0
2012-12-22 18:00:00,82.0,113.24196891524215,30.491340757014513,195.9925970734698,243.0,272.0
2012-12-22 19:00:00,60.0,71.32432434138616,0.0,154.0749524996138,153.0,257.0
2012-12-22 20:00:00,61.0,51.02994824550432,0.0,133.78057640373197,112.0,201.0
2012-12-22 21:00:00,53.0,54.300628968878485,0.0,137.0512571271061,70.0,184.0
2012-12-22 22:00:00,39.0,51.129153788599496,0.0,133.87978194682714,63.0,156.0
2012-12-22 23:00:00,40.0,38.73394550791553,0.0,121.48457366614318,40.0,119.0
2012-12-23 00:00:00,27.0,42.59208342494745,0.0,125.34271158317509,31.0,110.0
2012-12-23 01:00:00,20.0,27.632990340342275,0.0,110.38361849856992,35.0,96.0
2012-12-23 02:00:00,18.0,25.435499939657483,0.0,108.18612809788513,23.0,87.0
2012-12-23 03:00:00,9.0,17.137980381766788,0.0,99.88860853999444,7.0,38.0
2012-12-23 04:00:00,4.0,5.848970584694707,0.0,88.59959874292235,5.0,11.0
2012-12-23 05:00:00,6.0,6.662609167963745,0.0,89.41323732619139,5.0,9.0
2012-12-23 06:00:00,9.0,8.398276512256945,0.0,91.14890467048458,13.0,6.0
2012-12-23 07:00:00,19.0,18.901095162819413,0.0,101.65172332104706,20.0,27.0
2012-12-23 08:00:00,48.0,52.4923576272469,0.0,135.24298578547456,29.0,88.0
2012-12-23 09:00:00,56.0,95.46486852148975,12.714240363262107,178.21549667971738,90.0,132.0
2012-12-23 10:00:00,93.0,92.07337055207309,9.322742393845445,174.8239987103007,118.0,257.0
2012-12-23 11:00:00,152.0,122.50206080531466,39.751432647087015,205.2526889635423,159.0,295.0
2012-12-23 12:00:00,196.0,195.63065723707183,112.88002907884419,278.38128539529947,146.0,417.0
2012-12-23 13:00:00,186.0,212.6262354812679,129.87560732304027,295.3768636394956,158.0,356.0
2012-12-23 14:00:00,175.0,195.12117877880112,112.37055062057348,277.87180693702874,161.0,310.0
2012-12-23 15:00:00,137.0,206.4365206579223,123.68589249969466,289.18714881614994,153.0,338.0
2012-12-23 16:00:00,190.0,143.84933131538668,61.098703157159036,226.59995947361432,147.0,400.0
2012-12-23 17:00:00,114.0,158.5482443427216,75.79761618449396,241.29887250094924,114.0,243.0
2012-12-23 18:00:00,93.0,100.07737446225747,17.326746304029825,182.8280026204851,82.0,107.0
2012-12-23 19:00:00,58.0,75.82504319522565,0.0,158.5756713534533,60.0,109.0
2012-12-23 20:00:00,52.0,53.19570059281197,0.0,135.9463287510396,61.0,122.0
2012-12-23 21:00:00,42.0,46.047952601503724,0.0,128.79858075973135,53.0,106.0
2012-12-23 22:00:00,58.0,42.38862075562203,0.0,125.13924891384967,39.0,89.0
2012-12-23 23:00:00,25.0,31.64068102920031,0.0,114.39130918742795,40.0,33.0
2012-12-24 00:00:00,12.0,15.470243289129051,0.0,98.2208714473567,27.0,28.0
2012-12-24 01:00:00,11.0,8.314017935629312,0.0,91.06464609385695,20.0,15.0
2012-12-24 02:00:00,5.0,6.329457413568647,0.0,89.08008557179629,18.0,5.0
2012-12-24 03:00:00,3.0,3.4763982915367326,0.0,86.22702644976438,9.0,3.0
2012-12-24 06:00:00,17.0,50.86820418450652,0.0,133.61883234273415,9.0,108.0
2012-12-24 07:00:00,30.0,83.54645549813259,0.795827339904946,166.29708365636023,19.0,319.0
2012-12-24 08:00:00,66.0,116.16648296516396,33.41585480693632,198.9171111233916,48.0,592.0
2012-12-24 09:00:00,85.0,110.66278888028029,27.912160722052647,193.41341703850793,56.0,282.0
2012-12-24 10:00:00,103.0,83.98541128875841,1.2347831305307722,166.73603944698607,93.0,135.0
2012-12-24 11:00:00,124.0,118.46280599226888,35.71217783404124,201.21343415049654,152.0,170.0
2012-12-24 12:00:00,135.0,165.9407727191307,83.19014456090306,248.69140087735835,196.0,232.0
2012-12-24 13:00:00,70.0,145.101844422326,62.351216264098355,227.85247258055364,186.0,210.0
2012-12-24 14:00:00,46.0,66.24695370641466,0.0,148.9975818646423,175.0,181.0
2012-12-24 15:00:00,33.0,63.83173385194411,0.0,146.58236201017175,137.0,211.0
2012-12-24 16:00:00,33.0,50.339791977631435,0.0,133.09042013585906,190.0,302.0
2012-12-24 17:00:00,26.0,61.64086467515812,0.0,144.39149283338577,114.0,495.0
2012-12-24 18:00:00,26.0,39.38878252551605,0.0,122.13941068374369,93.0,507.0
2012-12-24 19:00:00,18.0,29.977132885460044,0.0,112.72776104368768,58.0,340.0
2012-12-24 20:00:00,23.0,29.804117210240094,0.0,112.55474536846774,52.0,200.0
2012-12-24 21:00:00,22.0,27.89581977837171,0.0,110.64644793659934,42.0,120.0
2012-12-24 22:00:00,12.0,26.56708922223595,0.0,109.31771738046359,58.0,54.0
2012-12-24 23:00:00,11.0,20.537539526855145,0.0,103.28816768508278,25.0,47.0
2012-12-25 00:00:00,13.0,8.290717213956778,0.0,91.04134537218442,12.0,18.0
2012-12-25 01:00:00,13.0,9.377254532348054,0.0,92.12788269057569,11.0,15.0
2012-12-25 02:00:00,7.0,8.245440638836747,0.0,90.9960687970644,5.0,7.0
2012-12-25 05:00:00,3.0,12.475920742529356,0.0,95.226548900757,9.0,36.0
2012-12-25 06:00:00,7.0,17.858884645454328,0.0,100.60951280368197,17.0,118.0
2012-12-25 07:00:00,6.0,23.699154532486343,0.0,106.44978269071399,30.0,355.0
2012-12-25 08:00:00,11.0,31.12456588001405,0.0,113.87519403824169,66.0,662.0
2012-12-25 09:00:00,28.0,29.24103918098679,0.0,111.99166733921443,85.0,326.0
2012-12-25 10:00:00,32.0,47.03311765437391,0.0,129.78374581260155,103.0,184.0
2012-12-25 11:00:00,86.0,50.582434896423926,0.0,133.33306305465157,124.0,269.0
2012-12-25 12:00:00,114.0,139.8900970328119,57.13946887458425,222.64072519103954,135.0,313.0
2012-12-25 13:00:00,121.0,170.1416674112849,87.39103925305727,252.89229556951256,70.0,286.0
2012-12-25 14:00:00,126.0,176.6482194923983,93.89759133417067,259.39884765062595,46.0,247.0
2012-12-25 15:00:00,107.0,154.8662952239741,72.11566706574646,237.61692338220175,33.0,246.0
2012-12-25 16:00:00,86.0,125.81375073692111,43.063122578693466,208.56437889514876,33.0,363.0
2012-12-25 17:00:00,50.0,115.64650202125561,32.89587386302797,198.39713017948327,26.0,572.0
2012-12-25 18:00:00,43.0,51.628701148795095,0.0,134.37932930702274,26.0,525.0
2012-12-25 19:00:00,36.0,42.11670422864064,0.0,124.86733238686828,18.0,353.0
2012-12-25 20:00:00,40.0,35.26275928516519,0.0,118.01338744339283,23.0,268.0
2012-12-25 21:00:00,34.0,39.50440745593912,0.0,122.25503561416676,22.0,168.0
2012-12-25 22:00:00,19.0,32.34517059112814,0.0,115.09579874935578,12.0,132.0
2012-12-25 23:00:00,30.0,20.319500939428018,0.0,103.07012909765567,11.0,81.0
2012-12-26 00:00:00,9.0,17.05592053623612,0.0,99.80654869446376,13.0,41.0
2012-12-26 01:00:00,7.0,7.112397028589003,0.0,89.86302518681664,13.0,15.0
2012-12-26 02:00:00,1.0,3.4408136951687474,0.0,86.19144185339638,7.0,3.0
2012-12-26 04:00:00,2.0,3.515443978341494,0.0,86.26607213656914,1.0,7.0
2012-12-26 05:00:00,11.0,19.08498286514029,0.0,101.83561102336793,3.0,31.0
2012-12-26 06:00:00,36.0,43.52617621442785,0.0,126.27680437265549,7.0,112.0
2012-12-26 07:00:00,26.0,105.37081299338278,22.620184835155143,188.12144115161044,6.0,363.0
2012-12-26 08:00:00,31.0,80.42378383098144,0.0,163.1744119892091,11.0,678.0
2012-12-26 09:00:00,23.0,46.78216448790669,0.0,129.53279264613434,28.0,317.0
2012-12-26 10:00:00,8.0,30.649338004274234,0.0,113.39996616250187,32.0,164.0
2012-12-26 11:00:00,10.0,28.358926583119988,0.0,111.10955474134764,86.0,200.0
2012-12-26 12:00:00,10.0,25.23327192149283,0.0,107.98390007972047,114.0,236.0
2012-12-26 13:00:00,15.0,24.857461067615326,0.0,107.60808922584297,121.0,213.0
2012-12-26 14:00:00,20.0,29.489643685817285,0.0,112.24027184404493,126.0,218.0
2012-12-26 15:00:00,13.0,37.233483040878305,0.0,119.98411119910594,107.0,237.0
2012-12-26 16:00:00,13.0,31.01908890764905,0.0,113.76971706587669,86.0,334.0
2012-12-26 17:00:00,53.0,39.22026883000023,0.0,121.97089698822788,50.0,562.0
2012-12-26 18:00:00,43.0,65.59353555888153,0.0,148.34416371710915,43.0,569.0
2012-12-26 19:00:00,35.0,45.32902741190549,0.0,128.07965557013313,36.0,336.0
2012-12-26 20:00:00,32.0,36.611831524036,0.0,119.36245968226365,40.0,241.0
2012-12-26 21:00:00,20.0,31.68832986427601,0.0,114.43895802250366,34.0,168.0
2012-12-26 22:00:00,11.0,27.897756926706002,0.0,110.64838508493364,19.0,129.0
2012-12-26 23:00:00,10.0,20.569995709917684,0.0,103.32062386814533,30.0,88.0
2012-12-27 00:00:00,3.0,11.864766552277663,0.0,94.6153947105053,9.0,42.0
2012-12-27 01:00:00,5.0,5.659299170350884,0.0,88.40992732857853,7.0,20.0
2012-12-27 02:00:00,2.0,3.5895046076139776,0.0,86.34013276584162,1.0,8.0
2012-12-27 03:00:00,1.0,3.465842006200043,0.0,86.21647016442769,2.0,4.0
2012-12-27 04:00:00,3.0,4.006896301673859,0.0,86.7575244599015,2.0,6.0
2012-12-27 05:00:00,11.0,22.352254822373613,0.0,105.10288298060125,11.0,35.0
2012-12-27 06:00:00,45.0,59.542738588364365,0.0,142.293366746592,36.0,118.0
2012-12-27 07:00:00,90.0,135.59932289391858,52.84869473569094,218.34995105214622,26.0,350.0
2012-12-27 08:00:00,208.0,297.61626289107176,214.86563473284411,380.3668910492994,31.0,599.0
2012-12-27 09:00:00,133.0,210.6236924358145,127.87306427758685,293.37432059404216,23.0,317.0
2012-12-27 10:00:00,75.0,107.47397108677842,24.723342928550778,190.22459924500606,8.0,161.0
2012-12-27 11:00:00,103.0,100.88520869931915,18.13458054109151,183.6358368575468,10.0,190.0
2012-12-27 12:00:00,109.0,128.46029890192696,45.70967074369932,211.2109270601546,10.0,212.0
2012-12-27 13:00:00,118.0,133.61493671155492,50.86430855332728,216.36556486978256,15.0,217.0
2012-12-27 14:00:00,119.0,131.1516764673747,48.40104830914706,213.90230462560234,20.0,214.0
2012-12-27 15:00:00,120.0,128.2414139515745,45.490785793346845,210.99204210980213,13.0,249.0
2012-12-27 16:00:00,174.0,165.45688574786953,82.7062575896419,248.20751390609718,13.0,302.0
2012-12-27 17:00:00,257.0,276.0276602404634,193.27703208223573,358.778288398691,53.0,475.0
2012-12-27 18:00:00,197.0,236.21243340253505,153.4618052443074,318.9630615607627,43.0,381.0
2012-12-27 19:00:00,117.0,136.43382353350776,53.68319537528012,219.1844516917354,35.0,118.0
2012-12-27 20:00:00,91.0,81.90093715222908,0.0,164.6515653104567,32.0,50.0
2012-12-27 21:00:00,63.0,67.81871858475151,0.0,150.56934674297915,20.0,26.0
2012-12-27 22:00:00,44.0,39.3102652770258,0.0,122.06089343525343,11.0,21.0
2012-12-27 23:00:00,26.0,28.717005645212307,0.0,111.46763380343995,10.0,13.0
2012-12-28 00:00:00,25.0,13.850318396321285,0.0,96.60094655454893,3.0,17.0
2012-12-28 01:00:00,9.0,11.125340824748296,0.0,93.87596898297593,5.0,9.0
2012-12-28 02:00:00,5.0,5.062294737930751,0.0,87.8129228961584,2.0,3.0
2012-12-28 03:00:00,2.0,3.4157475421293135,0.0,86.16637570035695,1.0,3.0
2012-12-28 04:00:00,4.0,4.252989955431583,0.0,87.00361811365923,3.0,6.0
2012-12-28 05:00:00,15.0,17.736761660498747,0.0,100.48738981872638,11.0,13.0
2012-12-28 06:00:00,51.0,72.69836668817335,0.0,155.44899484640098,45.0,80.0
2012-12-28 07:00:00,112.0,154.333886123834,71.58325796560635,237.08451428206163,90.0,208.0
2012-12-28 08:00:00,239.0,292.42977478928333,209.6791466310557,375.18040294751097,208.0,472.0
2012-12-28 09:00:00,191.0,195.95992221866808,113.20929406044044,278.71055037689575,133.0,267.0
2012-12-28 10:00:00,162.0,124.99942181461496,42.24879365638732,207.7500499728426,75.0,154.0
2012-12-28 11:00:00,178.0,154.2415713917912,71.49094323356357,236.99219955001885,103.0,162.0
2012-12-28 12:00:00,222.0,212.93870815277518,130.18807999454754,295.6893363110028,109.0,224.0
2012-12-28 13:00:00,222.0,210.9996784733382,128.24905031511057,293.7503066315659,118.0,240.0
2012-12-28 14:00:00,261.0,203.5212583890378,120.77063023081016,286.27188654726547,119.0,219.0
2012-12-28 15:00:00,225.0,241.4102099688442,158.65958181061657,324.1608381270719,120.0,263.0
2012-12-28 16:00:00,250.0,251.28626501281352,168.53563685458587,334.03689317104113,174.0,281.0
2012-12-28 17:00:00,271.0,350.8137334038,268.06310524557233,433.5643615620276,257.0,321.0
2012-12-28 18:00:00,213.0,236.56249608379534,153.8118679255677,319.313124242023,197.0,243.0
2012-12-28 19:00:00,128.0,158.79409562217603,76.04346746394839,241.54472378040367,117.0,153.0
2012-12-28 20:00:00,97.0,92.2199760648269,9.469347906599253,174.97060422305452,91.0,112.0
2012-12-28 21:00:00,92.0,72.75899672849785,0.0,155.50962488672548,63.0,70.0
2012-12-28 22:00:00,62.0,71.25141939836038,0.0,154.00204755658802,44.0,63.0
2012-12-28 23:00:00,59.0,42.66855481872661,0.0,125.41918297695426,26.0,40.0
2012-12-29 00:00:00,26.0,42.27906098831574,0.0,125.02968914654338,25.0,31.0
2012-12-29 01:00:00,37.0,22.353457606302026,0.0,105.10408576452967,9.0,35.0
2012-12-29 02:00:00,19.0,25.000257139436314,0.0,107.75088529766396,5.0,23.0
2012-12-29 03:00:00,6.0,8.770812114651475,0.0,91.52144027287912,2.0,7.0
2012-12-29 04:00:00,3.0,4.458226848842651,0.0,87.2088550070703,4.0,5.0
2012-12-29 05:00:00,3.0,6.703447657580829,0.0,89.45407581580847,15.0,5.0
2012-12-29 06:00:00,7.0,13.325032533651601,0.0,96.07566069187925,51.0,13.0
2012-12-29 07:00:00,18.0,19.282737389478662,0.0,102.0333655477063,112.0,20.0
2012-12-29 08:00:00,44.0,47.734085543753935,0.0,130.48471370198158,239.0,29.0
2012-12-29 09:00:00,49.0,88.74737002021169,5.996741861984049,171.49799817843933,191.0,90.0
2012-12-29 10:00:00,41.0,95.40030172649337,12.649673568265726,178.150929884721,162.0,118.0
2012-12-29 11:00:00,45.0,52.74643651023205,0.0,135.4970646684597,178.0,159.0
2012-12-29 12:00:00,48.0,66.73052265352433,0.0,149.48115081175197,222.0,146.0
2012-12-29 13:00:00,84.0,61.705980527620184,0.0,144.4566086858478,222.0,158.0
2012-12-29 14:00:00,98.0,87.31027249535991,4.559644337132269,170.06090065358757,261.0,161.0
2012-12-29 15:00:00,129.0,129.9095412457165,47.158913087488855,212.66016940394414,225.0,153.0
2012-12-29 16:00:00,147.0,138.6990453997374,55.94841724150976,221.44967355796504,250.0,147.0
2012-12-29 17:00:00,118.0,151.73915891965856,68.98853076143092,234.4897870778862,271.0,114.0
2012-12-29 18:00:00,110.0,109.29280083745057,26.54217267922293,192.0434289956782,213.0,82.0
2012-12-29 19:00:00,97.0,85.7491954352822,2.998567277054562,168.49982359350986,128.0,60.0
2012-12-29 20:00:00,66.0,78.00363373013685,0.0,160.7542618883645,97.0,61.0
2012-12-29 21:00:00,60.0,57.0269495932912,0.0,139.77757775151883,92.0,53.0
2012-12-29 22:00:00,54.0,45.75765179453652,0.0,128.50827995276416,62.0,39.0
2012-12-29 23:00:00,32.0,37.68898352422415,0.0,120.43961168245178,59.0,40.0
2012-12-30 00:00:00,41.0,24.007869187123728,0.0,106.75849734535137,26.0,27.0
2012-12-30 01:00:00,28.0,28.523253673801324,0.0,111.27388183202896,37.0,20.0
2012-12-30 02:00:00,19.0,18.597424794857933,0.0,101.34805295308557,19.0,18.0
2012-12-30 03:00:00,15.0,9.529999231393695,0.0,92.28062738962134,6.0,9.0
2012-12-30 04:00:00,7.0,6.099346474744539,0.0,88.84997463297218,3.0,4.0
2012-12-30 05:00:00,2.0,6.068221388468872,0.0,88.81884954669651,3.0,6.0
2012-12-30 06:00:00,8.0,7.851713416836783,0.0,90.60234157506443,7.0,9.0
2012-12-30 07:00:00,13.0,16.544210849889833,0.0,99.29483900811748,18.0,19.0
2012-12-30 08:00:00,33.0,38.41962388587445,0.0,121.17025204410209,44.0,48.0
2012-12-30 09:00:00,74.0,57.83460429541839,0.0,140.58523245364603,49.0,56.0
2012-12-30 10:00:00,122.0,103.59745239093849,20.846824232710844,186.34808054916613,41.0,93.0
2012-12-30 11:00:00,136.0,146.22268239654753,63.472054238319885,228.97331055477517,45.0,152.0
2012-12-30 12:00:00,144.0,181.34454891317367,98.59392075494603,264.0951770714013,48.0,196.0
2012-12-30 13:00:00,169.0,158.79240146253542,76.04177330430778,241.54302962076306,84.0,186.0
2012-12-30 14:00:00,160.0,165.06004618034828,82.30941802212064,247.81067433857592,98.0,175.0
2012-12-30 15:00:00,138.0,153.59009463861292,70.83946648038528,236.34072279684057,129.0,137.0
2012-12-30 16:00:00,133.0,135.18042124038422,52.42979308215658,217.93104939861186,147.0,190.0
2012-12-30 17:00:00,123.0,112.4942031823264,29.74357502409876,195.24483134055404,118.0,114.0
2012-12-30 18:00:00,125.0,97.0570828453987,14.306454687171055,179.80771100362634,110.0,93.0
2012-12-30 19:00:00,102.0,89.46683769295205,6.716209534724413,172.2174658511797,97.0,58.0
2012-12-30 20:00:00,72.0,78.66535878879809,0.0,161.41598694702571,66.0,52.0
2012-12-30 21:00:00,47.0,55.18098273912401,0.0,137.93161089735165,60.0,42.0
2012-12-30 22:00:00,36.0,45.72028680022254,0.0,128.47091495845018,54.0,58.0
2012-12-30 23:00:00,49.0,28.544357152072724,0.0,111.29498531030036,32.0,25.0
2012-12-31 00:00:00,34.0,25.95679166380907,0.0,108.70741982203671,41.0,12.0
2012-12-31 01:00:00,19.0,14.116553947577414,0.0,96.86718210580506,28.0,11.0
2012-12-31 02:00:00,11.0,9.33445217927171,0.0,92.08508033749935,19.0,5.0
2012-12-31 03:00:00,1.0,5.479229028571817,0.0,88.22985718679946,15.0,3.0
2012-12-31 05:00:00,9.0,12.303550114586406,0.0,95.05417827281404,2.0,9.0
2012-12-31 06:00:00,40.0,34.0132187329664,0.0,116.76384689119405,8.0,17.0
2012-12-31 07:00:00,85.0,122.11697272257125,39.366344564343606,204.86760088079888,13.0,30.0
2012-12-31 08:00:00,196.0,192.68887508806526,109.93824692983762,275.43950324629293,33.0,66.0
2012-12-31 09:00:00,157.0,108.4431605676343,25.692532409406653,191.19378872586194,74.0,85.0
2012-12-31 10:00:00,120.0,91.50693255720965,8.75630439898201,174.2575607154373,122.0,103.0
2012-12-31 11:00:00,157.0,120.1993648034547,37.44873664522706,202.94999296168234,136.0,124.0
2012-12-31 12:00:00,224.0,152.12341461247496,69.37278645424732,234.8740427707026,144.0,135.0
2012-12-31 13:00:00,203.0,183.81003341807747,101.05940525984983,266.5606615763051,169.0,70.0
2012-12-31 14:00:00,247.0,167.0175586199585,84.26693046173085,249.76818677818613,160.0,46.0
2012-12-31 15:00:00,315.0,194.36154233937137,111.61091418114373,277.112170497599,138.0,33.0
2012-12-31 16:00:00,214.0,289.60938622610075,206.8587580678731,372.3600143843284,133.0,33.0
2012-12-31 17:00:00,164.0,275.3447217542716,192.59409359604393,358.0953499124992,123.0,26.0
2012-12-31 18:00:00,122.0,165.60160159425095,82.85097343602331,248.3522297524786,125.0,26.0
2012-12-31 19:00:00,119.0,100.11768295875093,17.36705480052329,182.8683111169786,102.0,18.0
2012-12-31 20:00:00,89.0,89.06595328377577,6.315325125548128,171.8165814420034,72.0,23.0
2012-12-31 21:00:00,90.0,65.40681895151765,0.0,148.1574471097453,47.0,22.0
2012-12-31 22:00:00,61.0,62.53422763094745,0.0,145.28485578917508,36.0,12.0
2012-12-31 23:00:00,49.0,28.96312133173439,0.0,111.71374948996203,49.0,11.0
